# Blender v2.92.0 OBJ File: 'Dragunov-2-6.blend'
# www.blender.org
mtllib Dragunov-2-6.mtl
o Dragunov_Cube
v -1.240051 0.408050 -0.053537
v -1.240051 0.408050 0.053537
v 0.493231 0.524267 -0.047774
v -0.403307 0.510583 0.064575
v 0.493231 0.524267 0.047774
v -0.403307 0.510583 -0.064575
v -0.089297 0.524267 -0.060755
v -0.089297 0.524267 0.060755
v -0.268058 0.511879 -0.064575
v -0.268058 0.511879 0.064575
v -0.581442 0.510583 0.053537
v -0.581442 0.510583 -0.053537
v -0.836166 0.510583 0.053537
v -0.836166 0.510583 -0.053537
v -1.240051 0.510583 0.053537
v -1.240051 0.510583 -0.053537
v -0.436389 0.510583 0.061718
v -0.436389 0.510583 -0.061718
v -0.444160 0.510583 0.053537
v -0.444160 0.510583 -0.053537
v -1.256533 0.447364 0.053537
v -1.256533 0.447364 -0.053537
v -1.256533 0.510583 -0.053537
v -1.256533 0.510583 0.053537
v -1.336821 0.447364 -0.053537
v -1.336821 0.510583 -0.053537
v -1.336821 0.510583 0.053537
v -1.336821 0.447364 0.053537
v -2.240630 0.441479 -0.053558
v -2.240630 0.441479 0.053558
v -2.245789 0.178741 0.053558
v -2.245789 0.178741 -0.053558
v -2.235279 0.293549 -0.058475
v -2.235279 0.293549 0.058475
v -2.238193 0.232543 -0.058475
v -2.238193 0.232543 0.058475
v -1.336821 0.350736 -0.052312
v -1.336821 0.350736 0.052312
v -1.245913 0.315010 -0.009316
v -1.245913 0.315010 0.009316
v -1.250652 0.305342 0.009316
v -1.250652 0.305342 -0.009316
v -1.219917 0.288183 -0.009316
v -1.219917 0.288183 0.009316
v -1.224053 0.280686 0.009316
v -1.224053 0.280686 -0.009316
v -1.145438 0.291463 -0.009316
v -1.145438 0.291463 0.009316
v -1.139040 0.287224 0.009316
v -1.139040 0.287224 -0.009316
v -1.130787 0.310098 -0.009316
v -1.130787 0.310098 0.009316
v -1.124390 0.305859 0.009316
v -1.124390 0.305859 -0.009316
v -1.118893 0.375228 -0.009316
v -1.118893 0.375228 0.009316
v -1.112152 0.370005 0.009316
v -1.112152 0.370005 -0.009316
v -1.111212 0.383070 -0.009316
v -1.111212 0.383070 0.009316
v -1.106284 0.375659 0.009316
v -1.106284 0.375659 -0.009316
v -1.252820 0.349436 0.023197
v -1.241159 0.369872 0.023197
v -1.241159 0.369872 -0.023197
v -1.252820 0.349436 -0.023197
v -1.053899 0.383070 0.009316
v -1.053899 0.383070 -0.009316
v -1.055079 0.375659 0.009316
v -1.055079 0.375659 -0.009316
v -1.180770 0.362995 -0.005630
v -1.180770 0.362995 0.005630
v -1.173980 0.384994 0.014017
v -1.173980 0.384994 -0.014017
v -1.194729 0.351362 -0.005630
v -1.194729 0.351362 0.005630
v -1.200255 0.333913 -0.005630
v -1.200255 0.333913 0.005630
v -1.197056 0.311230 -0.005630
v -1.197056 0.311230 0.005630
v -1.188913 0.301924 -0.005630
v -1.188913 0.301924 0.005630
v -1.189786 0.296689 -0.005630
v -1.189786 0.296689 0.005630
v -1.196184 0.296107 -0.005630
v -1.196184 0.296107 0.005630
v -1.205781 0.307740 -0.005630
v -1.205781 0.307740 0.005630
v -1.213051 0.333041 -0.005630
v -1.213051 0.333041 0.005630
v -1.208398 0.360087 -0.005630
v -1.208398 0.360087 0.005630
v -1.201709 0.370847 -0.005630
v -1.201709 0.370847 0.005630
v -1.206944 0.386842 -0.014240
v -1.206944 0.386842 0.014240
v -0.934356 0.408050 -0.053537
v -0.934356 0.408050 0.053537
v -0.934356 0.510583 0.053537
v -0.934356 0.510583 -0.053537
v 0.537163 0.524267 -0.038832
v 0.537163 0.524267 0.038832
v 0.530213 0.486411 -0.028733
v 0.530213 0.474267 -0.016589
v 0.530213 0.469822 0.000000
v 0.530213 0.474267 0.016589
v 0.530213 0.486411 0.028733
v 0.530213 0.503000 0.033178
v 0.530213 0.519589 0.028733
v 0.530213 0.531733 0.016589
v 0.530213 0.536178 0.000000
v 0.530213 0.531733 -0.016589
v 0.530213 0.503000 -0.033178
v 0.530213 0.519589 -0.028733
v 0.569638 0.519589 -0.028733
v 0.569638 0.531733 -0.016589
v 0.569638 0.536178 0.000000
v 0.569638 0.531733 0.016589
v 0.569638 0.519589 0.028733
v 0.569638 0.503000 0.033178
v 0.569638 0.486411 0.028733
v 0.569638 0.474267 0.016589
v 0.569638 0.469822 0.000000
v 0.569638 0.474267 -0.016589
v 1.614000 0.515128 -0.021006
v 0.576000 0.515128 -0.021006
v 1.614000 0.524006 -0.012128
v 0.576000 0.524006 -0.012128
v 1.614000 0.527256 0.000000
v 0.576000 0.527256 0.000000
v 1.614000 0.524006 0.012128
v 0.576000 0.524006 0.012128
v 1.614000 0.515128 0.021006
v 0.576000 0.515128 0.021006
v 1.614000 0.503000 0.024256
v 0.576000 0.503000 0.024256
v 1.614000 0.490872 0.021006
v 0.576000 0.490872 0.021006
v 1.614000 0.481994 0.012128
v 0.576000 0.481994 0.012128
v 1.614000 0.478744 0.000000
v 0.576000 0.478744 0.000000
v 1.614000 0.481994 -0.012128
v 0.576000 0.481994 -0.012128
v 1.614000 0.490872 -0.021006
v 0.576000 0.490872 -0.021006
v 1.614000 0.503000 -0.024256
v 0.576000 0.503000 -0.024256
v 0.569638 0.503000 -0.033178
v 0.569638 0.486411 -0.028733
v 0.765532 0.583689 -0.021186
v 0.532238 0.580492 -0.015650
v 0.765532 0.592643 -0.012232
v 0.532238 0.587107 -0.009035
v 0.765532 0.595920 0.000000
v 0.532238 0.589528 0.000000
v 0.765532 0.592643 0.012232
v 0.532238 0.587107 0.009035
v 0.765532 0.583689 0.021186
v 0.532238 0.580492 0.015650
v 0.765532 0.571457 0.024463
v 0.532238 0.571457 0.018071
v 0.765532 0.559225 0.021186
v 0.532238 0.562422 0.015650
v 0.765532 0.550271 0.012232
v 0.532238 0.555807 0.009035
v 0.765532 0.546994 0.000000
v 0.532238 0.553386 0.000000
v 0.765532 0.550271 -0.012232
v 0.532238 0.555807 -0.009035
v 0.765532 0.559225 -0.021186
v 0.532238 0.562422 -0.015650
v 0.765532 0.571457 -0.024463
v 0.532238 0.571457 -0.018071
v 0.630740 0.571457 -0.018071
v 0.630740 0.562422 -0.015650
v 0.630740 0.555807 -0.009035
v 0.630740 0.553386 0.000000
v 0.630740 0.555807 0.009035
v 0.630740 0.562422 0.015650
v 0.630740 0.571457 0.018071
v 0.630740 0.580492 0.015650
v 0.630740 0.587107 0.009035
v 0.630740 0.589528 0.000000
v 0.630740 0.587107 -0.009035
v 0.630740 0.580492 -0.015650
v 0.634152 0.571457 -0.024463
v 0.634152 0.559225 -0.021186
v 0.634152 0.550271 -0.012232
v 0.634152 0.546994 0.000000
v 0.634152 0.550271 0.012232
v 0.634152 0.559225 0.021186
v 0.634152 0.571457 0.024463
v 0.634152 0.583689 0.021186
v 0.634152 0.592643 0.012232
v 0.634152 0.595920 0.000000
v 0.634152 0.592643 -0.012232
v 0.634152 0.583689 -0.021186
v 0.812901 0.583689 -0.021186
v 0.809440 0.592643 -0.012232
v 0.808486 0.595920 0.000000
v 0.809440 0.592643 0.012232
v 0.812901 0.583689 0.021186
v 0.820429 0.571457 0.024463
v 0.820429 0.571457 -0.024463
v 0.765532 0.503064 0.028549
v 0.765532 0.475558 0.028239
v 0.765532 0.466604 0.017131
v 0.765532 0.463327 0.000000
v 0.765532 0.466604 -0.017131
v 0.765532 0.475558 -0.028239
v 0.765532 0.503064 -0.028549
v 0.878134 0.503064 0.028549
v 0.878134 0.475558 0.028239
v 0.878134 0.466604 0.017131
v 0.878134 0.463327 0.000000
v 0.878134 0.466604 -0.017131
v 0.878134 0.475558 -0.028239
v 0.878134 0.503064 -0.028549
v 1.488513 0.443173 0.009375
v 1.488513 0.493512 0.009375
v 1.488513 0.443173 -0.009375
v 1.488513 0.493512 -0.009375
v 1.543774 0.443173 0.009375
v 1.543774 0.493512 0.009375
v 1.543774 0.443173 -0.009375
v 1.543774 0.493512 -0.009375
v 1.578942 0.686488 0.009375
v 1.578942 0.517510 0.009375
v 1.578942 0.686488 -0.009375
v 1.578942 0.517510 -0.009375
v 1.522156 0.686488 0.009375
v 1.489107 0.517510 0.009375
v 1.522156 0.686488 -0.009375
v 1.489107 0.517510 -0.009375
v 1.623255 0.522069 -0.033029
v 1.623255 0.536029 -0.019069
v 1.623255 0.541139 0.000000
v 1.623255 0.536029 0.019069
v 1.623255 0.522069 0.033029
v 1.623255 0.503000 0.038139
v 1.623255 0.483931 0.033029
v 1.623255 0.469971 0.019069
v 1.623255 0.464861 0.000000
v 1.623255 0.469971 -0.019069
v 1.623255 0.483931 -0.033029
v 1.623255 0.503000 -0.038139
v 1.636314 0.503000 -0.046665
v 1.636314 0.479668 -0.040413
v 1.636314 0.462587 -0.023332
v 1.636314 0.456335 0.000000
v 1.636314 0.462587 0.023332
v 1.636314 0.479668 0.040413
v 1.636314 0.503000 0.046665
v 1.636314 0.526332 0.040413
v 1.636314 0.543413 0.023332
v 1.636314 0.549665 0.000000
v 1.819007 0.521693 -0.032377
v 1.647364 0.521693 -0.032377
v 1.819007 0.535377 -0.018693
v 1.647364 0.535377 -0.018693
v 1.819007 0.540386 0.000000
v 1.647364 0.540386 0.000000
v 1.819007 0.535377 0.018693
v 1.647364 0.535377 0.018693
v 1.819007 0.521693 0.032377
v 1.647364 0.521693 0.032377
v 1.819007 0.503000 0.037386
v 1.647364 0.503000 0.037386
v 1.819007 0.484307 0.032377
v 1.647364 0.484307 0.032377
v 1.819007 0.470623 0.018693
v 1.647364 0.470623 0.018693
v 1.819007 0.465614 0.000000
v 1.647364 0.465614 0.000000
v 1.819007 0.470623 -0.018693
v 1.647364 0.470623 -0.018693
v 1.819007 0.484307 -0.032377
v 1.647364 0.484307 -0.032377
v 1.819007 0.503000 -0.037386
v 1.647364 0.503000 -0.037386
v 1.636314 0.543413 -0.023332
v 1.636314 0.526332 -0.040413
v 1.589100 0.522069 -0.033029
v 1.589100 0.536029 -0.019069
v 1.589100 0.541139 0.000000
v 1.589100 0.536029 0.019069
v 1.589100 0.522069 0.033029
v 1.589100 0.503000 0.038139
v 1.589100 0.483931 0.033029
v 1.589100 0.469971 0.019069
v 1.589100 0.464861 0.000000
v 1.589100 0.469971 -0.019069
v 1.589100 0.483931 -0.033029
v 1.589100 0.503000 -0.038139
v 1.827294 0.514992 -0.020771
v 1.827294 0.523771 -0.011992
v 1.827294 0.526985 -0.000000
v 1.827294 0.523771 0.011992
v 1.827294 0.514992 0.020771
v 1.827294 0.503000 0.023985
v 1.827294 0.491008 0.020771
v 1.827294 0.482229 0.011992
v 1.827294 0.479015 -0.000000
v 1.827294 0.482229 -0.011992
v 1.827294 0.491008 -0.020771
v 1.827294 0.503000 -0.023985
v 1.860612 0.514992 -0.020771
v 1.860612 0.523771 -0.011992
v 1.860612 0.526985 -0.000000
v 1.860612 0.523771 0.011992
v 1.860612 0.514992 0.020771
v 1.860612 0.503000 0.023985
v 1.860612 0.491008 0.020771
v 1.860612 0.482229 0.011992
v 1.860612 0.479015 -0.000000
v 1.860612 0.482229 -0.011992
v 1.860612 0.491008 -0.020771
v 1.860612 0.503000 -0.023985
v -0.419049 0.602040 0.032932
v -0.419049 0.612357 0.032932
v -0.419049 0.602040 -0.032931
v -0.419049 0.612357 -0.032931
v -0.222536 0.602040 0.032932
v -0.228468 0.625461 0.032932
v -0.222536 0.602040 -0.032931
v -0.228468 0.625461 -0.032931
v -0.277167 0.625461 -0.032931
v -0.277167 0.625461 0.032932
v -0.264992 0.640868 -0.032931
v -0.252817 0.643780 -0.032931
v -0.240642 0.640868 -0.032931
v -0.459136 0.633335 0.025647
v -0.459136 0.624690 0.025647
v -0.240642 0.640868 0.032932
v -0.252817 0.643780 0.032932
v -0.264992 0.640868 0.032932
v -0.459136 0.624690 -0.025647
v -0.459136 0.633335 -0.025647
v -0.251736 0.624690 0.025647
v -0.251736 0.633335 0.025647
v -0.251736 0.624690 -0.025647
v -0.251736 0.633335 -0.025647
v -0.419049 0.602040 -0.026990
v -0.419049 0.602040 0.026991
v -0.419049 0.612357 0.026991
v -0.419049 0.612357 -0.026990
v -0.222536 0.602040 0.026991
v -0.222536 0.602040 -0.026990
v -0.228468 0.625461 -0.026990
v -0.228468 0.625461 0.026991
v -0.277167 0.625461 -0.026990
v -0.277167 0.625461 0.026991
v -0.240642 0.640868 -0.026990
v -0.240642 0.640868 0.026991
v -0.252817 0.643780 -0.026990
v -0.252817 0.643780 0.026991
v -0.264992 0.640868 -0.026990
v -0.264992 0.640868 0.026991
v -0.459136 0.633335 0.004972
v -0.459136 0.633335 -0.004972
v -0.459136 0.624690 -0.004972
v -0.459136 0.624690 0.004972
v -0.251736 0.624690 0.004972
v -0.251736 0.624690 -0.004972
v -0.251736 0.633335 -0.004972
v -0.251736 0.633335 0.004972
v -0.407088 0.644037 0.035729
v -0.407088 0.644037 -0.035729
v -0.252624 0.638250 -0.035729
v -0.252624 0.638250 0.035729
v -0.248076 0.637031 -0.035729
v -0.248076 0.637031 0.035729
v -0.244747 0.633702 -0.035729
v -0.244747 0.633702 0.035729
v -0.243529 0.629154 -0.035729
v -0.243529 0.629154 0.035729
v -0.244747 0.624607 -0.035729
v -0.244747 0.624607 0.035729
v -0.248076 0.621277 -0.035729
v -0.248076 0.621277 0.035729
v -0.252624 0.620059 -0.035729
v -0.252624 0.620059 0.035729
v -0.257172 0.621277 -0.035729
v -0.257172 0.621277 0.035729
v -0.260501 0.624607 -0.035729
v -0.260501 0.624607 0.035729
v -0.261720 0.629154 -0.035729
v -0.261720 0.629154 0.035729
v -0.260501 0.633702 -0.035729
v -0.260501 0.633702 0.035729
v -0.257172 0.637031 -0.035729
v -0.257172 0.637031 0.035729
v -0.399647 0.642043 -0.035729
v -0.399647 0.642043 0.035729
v -0.394199 0.636596 -0.035729
v -0.394199 0.636596 0.035729
v -0.392206 0.629154 -0.035729
v -0.392206 0.629154 0.035729
v -0.394199 0.621713 -0.035729
v -0.394199 0.621713 0.035729
v -0.399647 0.616265 -0.035729
v -0.399647 0.616265 0.035729
v -0.407088 0.614271 -0.035729
v -0.407088 0.614271 0.035729
v -0.414530 0.616265 -0.035729
v -0.414530 0.616265 0.035729
v -0.419977 0.621713 -0.035729
v -0.419977 0.621713 0.035729
v -0.421971 0.629154 -0.035729
v -0.421971 0.629154 0.035729
v -0.419977 0.636596 -0.035729
v -0.419977 0.636596 0.035729
v -0.414530 0.642043 -0.035729
v -0.414530 0.642043 0.035729
v -0.445139 0.624690 -0.025647
v -0.445139 0.624690 -0.004972
v -0.445139 0.633335 0.004972
v -0.445139 0.624690 0.025647
v -0.445139 0.633335 -0.025647
v -0.445139 0.633335 0.025647
v -0.445139 0.624690 0.004972
v -0.445139 0.633335 -0.004972
v -0.459925 0.638323 0.004972
v -0.449046 0.643697 0.004972
v -0.459925 0.638323 -0.004972
v -0.459925 0.638323 -0.025647
v -0.449046 0.643697 0.025647
v -0.459925 0.638323 0.025647
v -0.449046 0.643697 -0.004972
v -0.449046 0.643697 -0.025647
v -0.462214 0.644751 0.004972
v -0.457627 0.648860 0.004972
v -0.462214 0.644751 -0.004972
v -0.462214 0.644751 -0.025647
v -0.457627 0.648860 0.025647
v -0.462214 0.644751 0.025647
v -0.457627 0.648860 -0.004972
v -0.457627 0.648860 -0.025647
v -0.459136 0.634154 0.002327
v -0.459136 0.634154 -0.002326
v -0.449805 0.634154 -0.002326
v -0.449805 0.634154 0.002327
v -0.449805 0.643387 0.000000
v -0.459136 0.643387 0.000000
v -0.890808 0.321127 0.017189
v -0.890808 0.321127 -0.017189
v -0.934356 0.316840 -0.023859
v -0.934356 0.316840 0.023859
v -0.871394 0.387134 -0.023859
v -0.871394 0.387134 0.023859
v -0.934356 0.387134 -0.023859
v -0.934356 0.387134 0.023859
v -0.878103 0.326168 -0.023859
v -0.894140 0.316840 -0.023859
v -0.894140 0.316840 0.023859
v -0.878103 0.326168 0.023859
v -0.924696 0.265597 -0.017189
v -0.924696 0.265597 0.017189
v -0.909445 0.321127 0.017189
v -0.909445 0.321127 -0.017189
v -0.935568 0.265597 -0.017189
v -0.935568 0.265597 0.017189
v 0.493231 0.605862 -0.031583
v 0.493231 0.589739 -0.047774
v 0.493231 0.601140 -0.043032
v 0.493231 0.458839 -0.047774
v 0.493231 0.442671 -0.031710
v 0.493231 0.447407 -0.043069
v 0.493231 0.589739 0.047774
v 0.493231 0.605862 0.031581
v 0.493231 0.601140 0.043031
v 0.493231 0.442671 0.031710
v 0.493231 0.458839 0.047774
v 0.493231 0.447407 0.043069
v -0.403307 0.596851 -0.064575
v -0.403307 0.613115 -0.048236
v -0.403307 0.608352 -0.059789
v -0.403307 0.399561 -0.048440
v -0.403307 0.415813 -0.064575
v -0.403307 0.404321 -0.059849
v -0.403307 0.613115 0.048231
v -0.403307 0.596851 0.064575
v -0.403307 0.608352 0.059788
v -0.403307 0.415813 0.064575
v -0.403307 0.399561 0.048440
v -0.403307 0.404321 0.059849
v -0.089297 0.435418 -0.044376
v -0.089297 0.451596 -0.060755
v -0.089297 0.440156 -0.055957
v -0.089297 0.613115 0.044229
v -0.089297 0.596972 0.060755
v -0.089297 0.608387 0.055914
v -0.089297 0.451596 0.060755
v -0.089297 0.435418 0.044376
v -0.089297 0.440156 0.055957
v -0.089297 0.596972 -0.060755
v -0.089297 0.613115 -0.044232
v -0.089297 0.608387 -0.055915
v -0.268058 0.418360 -0.064575
v -0.268058 0.402154 -0.048484
v -0.268058 0.406901 -0.059862
v -0.268058 0.596926 0.064575
v -0.268058 0.613115 0.048315
v -0.268058 0.608373 0.059812
v -0.268058 0.418360 0.064575
v -0.268058 0.402154 0.048484
v -0.268058 0.406901 0.059862
v -0.268058 0.596926 -0.064575
v -0.268058 0.613115 -0.048318
v -0.268058 0.608373 -0.059813
v -0.581442 0.408050 -0.037424
v -0.581442 0.424345 -0.053537
v -0.581442 0.412823 -0.048818
v -0.581442 0.408050 0.037424
v -0.581442 0.424345 0.053537
v -0.581442 0.412823 0.048818
v -0.581442 0.602131 0.024654
v -0.581442 0.586605 0.043108
v -0.581442 0.597584 0.036821
v -0.581442 0.602131 -0.024667
v -0.581442 0.586605 -0.043108
v -0.581442 0.597584 -0.036825
v -0.836166 0.408050 -0.037479
v -0.841885 0.424327 -0.053537
v -0.837841 0.412817 -0.048834
v -0.841885 0.424327 0.053537
v -0.836166 0.408050 0.037479
v -0.837841 0.412817 0.048834
v -0.836166 0.602131 0.024743
v -0.836166 0.586570 0.043113
v -0.836166 0.597573 0.036848
v -0.836166 0.586570 -0.043113
v -0.836166 0.602131 -0.024759
v -0.836166 0.597573 -0.036853
v -1.240051 0.586527 0.043119
v -1.240051 0.602131 0.024828
v -1.240051 0.597561 0.036875
v -1.240051 0.602131 -0.024854
v -1.240051 0.586527 -0.043119
v -1.240051 0.597561 -0.036882
v -1.457636 0.447364 -0.037470
v -1.441939 0.459328 -0.053537
v -1.453038 0.450868 -0.048831
v -1.442301 0.459618 0.053537
v -1.457636 0.447364 0.037404
v -1.453144 0.450953 0.048812
v -1.388001 0.587053 0.034624
v -1.397191 0.602131 0.013100
v -1.394499 0.597715 0.026117
v -1.388001 0.587053 -0.034624
v -1.397191 0.602131 -0.013159
v -1.394499 0.597715 -0.026134
v -1.449820 0.510583 0.037274
v -1.441494 0.494647 0.053537
v -1.447381 0.505915 0.048774
v -1.441030 0.494866 -0.053537
v -1.449820 0.510583 -0.037353
v -1.447246 0.505979 -0.048797
v -0.436389 0.399561 -0.045517
v -0.436389 0.415893 -0.061718
v -0.436389 0.404345 -0.056973
v -0.436389 0.596741 -0.061718
v -0.436389 0.613115 -0.045257
v -0.436389 0.608319 -0.056897
v -0.436389 0.613115 0.045252
v -0.436389 0.596741 0.061718
v -0.436389 0.608319 0.056895
v -0.436389 0.415893 0.061718
v -0.436389 0.399561 0.045517
v -0.436389 0.404345 0.056973
v -0.444160 0.424400 -0.053537
v -0.444160 0.408050 -0.037346
v -0.444160 0.412839 -0.048795
v -0.444160 0.586652 0.043102
v -0.444160 0.602131 0.024526
v -0.444160 0.597597 0.036781
v -0.444160 0.586652 -0.043102
v -0.444160 0.602131 -0.024536
v -0.444160 0.597597 -0.036784
v -0.444160 0.424400 0.053537
v -0.444160 0.408050 0.037346
v -0.444160 0.412839 0.048795
v -1.253102 0.586544 -0.042355
v -1.252398 0.602131 -0.023949
v -1.252604 0.597566 -0.036014
v -1.252398 0.602131 0.023914
v -1.253102 0.586544 0.042355
v -1.252604 0.597566 0.036004
v -1.470522 0.319518 -0.042714
v -1.487934 0.319518 -0.026633
v -1.482834 0.319518 -0.038004
v -1.470522 0.319518 0.042714
v -1.487934 0.319518 0.026591
v -1.482834 0.319518 0.037992
v -1.272911 0.337676 -0.046195
v -1.262835 0.327020 -0.026452
v -1.266544 0.330943 -0.039739
v -1.272911 0.337676 0.046195
v -1.262835 0.327020 0.026452
v -1.266544 0.330943 0.039739
v -1.312542 0.602131 -0.019474
v -1.316631 0.586715 -0.038615
v -1.313740 0.597616 -0.031757
v -1.312542 0.602131 0.019429
v -1.316631 0.586715 0.038615
v -1.313740 0.597616 0.031744
v -1.336821 0.319518 -0.026484
v -1.350136 0.332920 -0.043306
v -1.340721 0.323443 -0.038134
v -1.350136 0.332920 0.043306
v -1.336821 0.319518 0.026484
v -1.340721 0.323443 0.038134
v -1.560861 0.166312 -0.037246
v -1.553950 0.180829 -0.053537
v -1.558837 0.170564 -0.048765
v -1.553950 0.180829 0.053537
v -1.560861 0.166312 0.037246
v -1.558837 0.170564 0.048765
v -1.392357 0.147257 -0.053537
v -1.380337 0.128798 -0.037297
v -1.383858 0.134205 -0.048780
v -1.392357 0.147257 0.053537
v -1.380337 0.128798 0.037297
v -1.383858 0.134205 0.048780
v -1.862531 0.447364 -0.037492
v -1.879504 0.461981 -0.049611
v -1.867502 0.451645 -0.047688
v -1.879517 0.461978 0.049611
v -1.862531 0.447364 0.037440
v -1.867506 0.451644 0.047673
v -1.862531 0.495193 -0.042135
v -1.862531 0.510583 -0.022329
v -1.862531 0.506075 -0.034814
v -1.862531 0.510583 0.022253
v -1.862531 0.495194 0.042134
v -1.862531 0.506075 0.034792
v -1.353281 0.247381 0.037315
v -1.369194 0.248773 0.053537
v -1.357941 0.247789 0.048786
v -1.353281 0.247381 -0.037315
v -1.369194 0.248773 -0.053537
v -1.357941 0.247789 -0.048786
v -1.505872 0.245923 -0.053537
v -1.515517 0.261570 -0.037432
v -1.512692 0.256987 -0.048820
v -1.515517 0.261570 0.037397
v -1.505872 0.245923 0.053537
v -1.512692 0.256987 0.048810
v -1.577537 0.201678 -0.013359
v -1.574351 0.217589 -0.032597
v -1.576604 0.206338 -0.025744
v -1.574351 0.217589 0.032597
v -1.577537 0.201678 0.013359
v -1.576604 0.206338 0.025744
v -1.565701 0.260787 0.024427
v -1.568820 0.245214 0.037702
v -1.566615 0.256226 0.035006
v -1.568820 0.245214 -0.037702
v -1.565701 0.260787 -0.024457
v -1.566615 0.256226 -0.035015
v -1.599701 0.215283 -0.005882
v -1.597876 0.231724 -0.024899
v -1.599166 0.220098 -0.018172
v -1.597876 0.231724 0.024899
v -1.599701 0.215283 0.005882
v -1.599166 0.220098 0.018172
v -1.594382 0.263196 0.014116
v -1.596118 0.247554 0.027590
v -1.594890 0.258615 0.024744
v -1.596118 0.247554 -0.027590
v -1.594382 0.263196 -0.014143
v -1.594890 0.258615 -0.024752
v -1.632791 0.215440 -0.005944
v -1.633838 0.231760 -0.024884
v -1.633098 0.220220 -0.018186
v -1.633838 0.231760 0.024884
v -1.632791 0.215440 0.005944
v -1.633098 0.220220 0.018186
v -1.635859 0.263267 0.014146
v -1.634856 0.247626 0.027585
v -1.635566 0.258686 0.024752
v -1.634856 0.247626 -0.027585
v -1.635859 0.263267 -0.014173
v -1.635566 0.258686 -0.024760
v -1.827887 0.190818 -0.010512
v -1.828923 0.206960 -0.029950
v -1.828190 0.195546 -0.022885
v -1.828923 0.206960 0.029950
v -1.827887 0.190818 0.010512
v -1.828190 0.195546 0.022885
v -1.830956 0.238645 0.020357
v -1.834576 0.222938 0.032086
v -1.832016 0.234045 0.030459
v -1.834576 0.222938 -0.032086
v -1.830956 0.238645 -0.020387
v -1.832016 0.234045 -0.030467
v -2.253595 0.504698 -0.019553
v -2.250481 0.489511 -0.039973
v -2.252683 0.500250 -0.032213
v -2.250481 0.489512 0.039973
v -2.253595 0.504698 0.019480
v -2.252683 0.500250 0.032192
v -2.252395 0.146813 -0.041622
v -2.255685 0.130914 -0.019563
v -2.254721 0.135571 -0.032699
v -2.255685 0.130914 0.019563
v -2.252395 0.146813 0.041622
v -2.254721 0.135571 0.032699
v -1.861689 0.295828 -0.034007
v -1.878600 0.295724 -0.050440
v -1.866642 0.295797 -0.045469
v -1.878600 0.295724 0.050440
v -1.861689 0.295828 0.033965
v -1.866642 0.295797 0.045457
v -1.872079 0.263997 -0.043774
v -1.855326 0.265436 -0.027040
v -1.860233 0.265014 -0.038594
v -1.872079 0.263997 0.043774
v -1.855326 0.265436 0.027006
v -1.860233 0.265014 0.038584
v -0.868011 0.400118 -0.053537
v -0.863566 0.382661 -0.037516
v -0.864868 0.387774 -0.048845
v -0.868011 0.400118 0.053537
v -0.863566 0.382661 0.037516
v -0.864868 0.387774 0.048845
v -1.240091 0.382780 -0.037748
v -1.240051 0.400385 -0.053537
v -1.239629 0.387887 -0.048913
v -1.240051 0.400385 0.053537
v -1.240091 0.382780 0.037748
v -1.239629 0.387887 0.048913
v -1.255064 0.347925 0.035282
v -1.268100 0.347488 0.049840
v -1.258394 0.347566 0.046472
v -1.268100 0.347488 -0.049840
v -1.255064 0.347925 -0.036626
v -1.258394 0.347566 -0.046866
v -1.459036 0.389675 -0.027373
v -1.443674 0.384781 -0.044557
v -1.454536 0.388242 -0.039062
v -1.459036 0.389675 0.027321
v -1.443674 0.384781 0.044557
v -1.454536 0.388242 0.039047
v -1.481911 0.470348 -0.044983
v -1.482780 0.454435 -0.031100
v -1.482526 0.459096 -0.041817
v -1.482780 0.454435 0.027877
v -1.481910 0.470363 0.041823
v -1.482525 0.459100 0.038639
v -1.480623 0.493917 0.038607
v -1.479766 0.509589 0.020208
v -1.480017 0.504999 0.032331
v -1.479766 0.509589 -0.023451
v -1.480623 0.493917 -0.041764
v -1.480017 0.504999 -0.035514
v -0.934356 0.586545 -0.043116
v -0.934356 0.602131 -0.024820
v -0.934356 0.597566 -0.036872
v -0.934356 0.602131 0.024800
v -0.934356 0.586545 0.043116
v -0.934356 0.597566 0.036866
v -0.934356 0.400183 -0.053537
v -0.934356 0.382661 -0.037536
v -0.934356 0.387793 -0.048851
v -0.934356 0.382661 0.037536
v -0.934356 0.400183 0.053537
v -0.934356 0.387793 0.048851
v 0.537163 0.452719 -0.022765
v 0.537163 0.468888 -0.038832
v 0.537163 0.457455 -0.034126
v 0.537163 0.468888 0.038832
v 0.537163 0.452719 0.022765
v 0.537163 0.457455 0.034126
v 0.537163 0.582877 -0.038832
v 0.537163 0.598996 -0.022643
v 0.537163 0.594275 -0.034090
v 0.537163 0.598996 0.022641
v 0.537163 0.582877 0.038832
v 0.537163 0.594275 0.034089
vt 0.041158 0.707451
vt 0.041902 0.744447
vt 0.107235 0.744498
vt 0.106653 0.707147
vt 0.105454 0.666173
vt 0.106403 0.707149
vt 0.040908 0.707453
vt 0.039930 0.659015
vt 0.338943 0.592110
vt 0.339163 0.619077
vt 0.289498 0.619533
vt 0.289262 0.592454
vt 0.206890 0.679173
vt 0.207474 0.711393
vt 0.540734 0.708458
vt 0.539990 0.679904
vt 0.556760 0.708216
vt 0.556135 0.683585
vt 0.540861 0.737062
vt 0.556900 0.734284
vt 0.192462 0.621080
vt 0.192410 0.592102
vt 0.204604 0.749213
vt 0.103997 0.750299
vt 0.103445 0.731799
vt 0.204113 0.732259
vt 0.540616 0.737063
vt 0.540489 0.708460
vt 0.556514 0.708218
vt 0.556653 0.734285
vt 0.207951 0.743603
vt 0.040181 0.659013
vt 0.105705 0.666171
vt 0.031601 0.727293
vt 0.031692 0.749577
vt 0.013713 0.748640
vt 0.013953 0.728292
vt 0.206641 0.679174
vt 0.207224 0.711395
vt 0.207701 0.743605
vt 0.106985 0.744500
vt 0.488848 0.533428
vt 0.488455 0.580422
vt 0.344155 0.579395
vt 0.341018 0.532214
vt 0.298380 0.597000
vt 0.298245 0.611405
vt 0.223849 0.610736
vt 0.223984 0.596278
vt 0.081269 0.436991
vt 0.080877 0.389382
vt 0.229862 0.388164
vt 0.226695 0.435962
vt 0.081612 0.479343
vt 0.226831 0.478299
vt 0.282556 0.435917
vt 0.282527 0.379564
vt 0.456472 0.379644
vt 0.456295 0.435998
vt 0.338475 0.597413
vt 0.338341 0.611743
vt 0.566146 0.581035
vt 0.565785 0.622868
vt 0.488111 0.622228
vt 0.499615 0.478819
vt 0.511218 0.436197
vt 0.570433 0.427830
vt 0.540225 0.479539
vt 0.244998 0.375036
vt 0.282538 0.375222
vt 0.288722 0.579345
vt 0.288644 0.621048
vt 0.116537 0.620959
vt 0.116317 0.579430
vt 0.106108 0.595148
vt 0.105972 0.609662
vt 0.102373 0.609372
vt 0.102503 0.595374
vt 0.085048 0.596441
vt 0.084941 0.607953
vt 0.061342 0.605531
vt 0.061647 0.598452
vt 0.032067 0.590515
vt 0.032009 0.613573
vt 0.477644 0.951069
vt 0.537351 0.945799
vt 0.539344 0.891299
vt 0.477277 0.908716
vt 0.576853 0.890766
vt 0.538401 0.891214
vt 0.530978 0.879738
vt 0.574404 0.884755
vt 0.480778 0.994306
vt 0.463242 0.991025
vt 0.463195 0.980497
vt 0.480873 0.976505
vt 0.061799 0.579621
vt 0.073316 0.621709
vt 0.033004 0.622419
vt 0.002756 0.571235
vt 0.188119 0.889982
vt 0.212708 0.889927
vt 0.219641 0.930326
vt 0.183651 0.930607
vt 0.288763 0.523720
vt 0.116156 0.523782
vt 0.566561 0.534068
vt 0.184215 0.887347
vt 0.217669 0.887376
vt 0.344017 0.621186
vt 0.003332 0.479985
vt 0.002971 0.437606
vt 0.022373 0.659686
vt 0.022224 0.707730
vt 0.028006 0.732208
vt 0.028234 0.750248
vt 0.010161 0.749365
vt 0.010398 0.733161
vt 0.105249 0.727273
vt 0.206509 0.727696
vt 0.206383 0.748975
vt 0.105563 0.749540
vt 0.530610 0.745598
vt 0.530592 0.731004
vt 0.555544 0.732844
vt 0.555765 0.743673
vt 0.539746 0.679907
vt 0.555889 0.683588
vt 0.178430 0.619301
vt 0.179042 0.593703
vt 0.021974 0.707732
vt 0.022122 0.659688
vt 0.024262 0.744086
vt 0.041652 0.744449
vt 0.024012 0.744088
vt 0.005533 0.740891
vt 0.005621 0.707795
vt 0.463479 0.478193
vt 0.465646 0.436035
vt 0.005871 0.707792
vt 0.005784 0.740889
vt 0.005982 0.662974
vt 0.005731 0.662976
vt 0.002785 0.745794
vt 0.002647 0.736769
vt 0.107036 0.579465
vt 0.106927 0.545153
vt 0.282634 0.478161
vt 0.456070 0.478060
vt 0.458167 0.412990
vt 0.487178 0.412990
vt 0.487178 0.424540
vt 0.458167 0.424540
vt 0.465764 0.401284
vt 0.195307 0.595993
vt 0.195172 0.610486
vt 0.212703 0.945670
vt 0.189569 0.945538
vt 0.462947 0.871779
vt 0.531931 0.879774
vt 0.519284 0.832008
vt 0.442957 0.829698
vt 0.509431 0.798836
vt 0.508941 0.818742
vt 0.476624 0.822456
vt 0.475457 0.795386
vt 0.518088 0.794046
vt 0.517850 0.822884
vt 0.462053 0.871853
vt 0.442278 0.829742
vt 0.518372 0.832118
vt 0.441980 0.825290
vt 0.441773 0.792302
vt 0.577952 0.890940
vt 0.575507 0.884898
vt 0.061657 0.545304
vt 0.511369 0.401449
vt 0.210189 0.874762
vt 0.189969 0.874854
vt 0.183619 0.868774
vt 0.215663 0.868761
vt 0.109184 0.621091
vt 0.505763 0.776868
vt 0.419400 0.793160
vt 0.402279 0.812243
vt 0.405977 0.828343
vt 0.418716 0.793224
vt 0.405300 0.828419
vt 0.401592 0.812312
vt 0.392871 0.822053
vt 0.394296 0.795898
vt 0.916661 0.438182
vt 0.985027 0.439758
vt 0.980124 0.527648
vt 0.917507 0.526204
vt 0.028424 0.860594
vt 0.227412 0.860665
vt 0.228051 0.953256
vt 0.026415 0.943767
vt 0.190024 0.864157
vt 0.208605 0.864056
vt 0.238698 0.971999
vt 0.229132 0.953134
vt 0.027365 0.943397
vt 0.022155 0.971257
vt 0.211425 0.881648
vt 0.189701 0.881696
vt 0.476439 0.908794
vt 0.325713 0.794445
vt 0.325263 0.823525
vt 0.308930 0.814797
vt 0.308605 0.802781
vt 0.296561 0.806121
vt 0.296734 0.811565
vt 0.281715 0.811607
vt 0.281639 0.806483
vt 0.504959 0.777071
vt 0.197679 0.814662
vt 0.197555 0.805766
vt 0.193901 0.861643
vt 0.204300 0.861570
vt 0.388214 0.829755
vt 0.386783 0.820288
vt 0.387495 0.820203
vt 0.388920 0.829652
vt 0.365979 0.821240
vt 0.365638 0.830310
vt 0.252835 0.818658
vt 0.255920 0.809590
vt 0.193595 0.858100
vt 0.203800 0.858043
vt 0.366733 0.821156
vt 0.366394 0.830208
vt 0.253782 0.818611
vt 0.256865 0.809557
vt 0.019831 0.777442
vt 0.023276 0.796516
vt 0.014944 0.821026
vt 0.014715 0.804485
vt 0.188174 0.840235
vt 0.205078 0.840038
vt 0.980376 0.371039
vt 0.924473 0.369750
vt 0.931149 0.350521
vt 0.935963 0.343807
vt 0.942884 0.341139
vt 0.963303 0.341610
vt 0.970094 0.344594
vt 0.974593 0.351523
vt 0.206957 0.836617
vt 0.185865 0.836779
vt 0.183922 0.833986
vt 0.208638 0.833903
vt 0.453383 0.957023
vt 0.454087 0.970749
vt 0.237620 0.972047
vt 0.021256 0.971632
vt 0.238433 0.990803
vt 0.238395 0.980191
vt 0.022075 0.796764
vt 0.018607 0.777672
vt 0.228434 0.860529
vt 0.029544 0.860290
vt 0.488564 0.726870
vt 0.488600 0.755189
vt 0.239416 0.753804
vt 0.239383 0.728907
vt 0.454875 0.970672
vt 0.454183 0.956985
vt 0.232382 0.842397
vt 0.027647 0.826472
vt 0.153716 0.619981
vt 0.154008 0.592847
vt 0.026484 0.826746
vt 0.231375 0.842501
vt 0.919181 0.401931
vt 0.984180 0.403430
vt 0.969006 0.556541
vt 0.964795 0.562961
vt 0.958098 0.565506
vt 0.937727 0.565036
vt 0.931182 0.562186
vt 0.927283 0.555579
vt 0.456474 0.375421
vt 0.210383 0.219472
vt 0.183870 0.223192
vt 0.197686 0.215250
vt 0.199761 0.215223
vt 0.570387 0.367716
vt 0.551442 0.377474
vt 0.510066 0.370778
vt 0.518960 0.366781
vt 0.340155 0.523646
vt 0.340339 0.527415
vt 0.340733 0.526456
vt 0.340626 0.524562
vt 0.554442 0.669047
vt 0.556613 0.671604
vt 0.557512 0.677775
vt 0.557512 0.707665
vt 0.542672 0.707665
vt 0.542672 0.677775
vt 0.543571 0.671604
vt 0.545742 0.669047
vt 0.002212 0.552215
vt 0.478123 0.970412
vt 0.023311 0.162397
vt 0.023311 0.192640
vt 0.013520 0.191547
vt 0.011913 0.172898
vt 0.011803 0.162397
vt 0.011803 0.192590
vt 0.000055 0.182481
vt 0.000993 0.163786
vt 0.681285 0.401308
vt 0.681285 0.418184
vt 0.647450 0.418184
vt 0.647450 0.401308
vt 0.731160 0.388736
vt 0.731160 0.430755
vt 0.551440 0.012102
vt 0.570386 0.021858
vt 0.518959 0.022797
vt 0.510064 0.018800
vt 0.684156 0.732820
vt 0.684156 0.774839
vt 0.644171 0.762268
vt 0.644171 0.745392
vt 0.488551 0.043626
vt 0.495463 0.047142
vt 0.500689 0.114462
vt 0.497046 0.120381
vt 0.611321 0.762268
vt 0.611321 0.745391
vt 0.488551 0.345955
vt 0.495462 0.342438
vt 0.500683 0.275118
vt 0.497039 0.269199
vt 0.514351 0.256501
vt 0.517995 0.262419
vt 0.534097 0.762267
vt 0.534097 0.745391
vt 0.579928 0.418184
vt 0.579928 0.401307
vt 0.514358 0.133078
vt 0.518002 0.127158
vt 0.577319 0.135951
vt 0.572795 0.142212
vt 0.558458 0.418183
vt 0.558458 0.401307
vt 0.512627 0.762267
vt 0.512627 0.745391
vt 0.453482 0.745390
vt 0.453482 0.762266
vt 0.446101 0.762266
vt 0.446102 0.745390
vt 0.572787 0.247361
vt 0.577311 0.253622
vt 0.498493 0.418183
vt 0.498493 0.401307
vt 0.578083 0.242221
vt 0.584642 0.246906
vt 0.488551 0.418183
vt 0.488551 0.401307
vt 0.584650 0.142667
vt 0.578091 0.147352
vt 0.582501 0.947370
vt 0.116154 0.519615
vt 0.288752 0.519434
vt 0.043924 0.619105
vt 0.044123 0.591875
vt 0.581529 0.946899
vt 0.536602 0.945455
vt 0.586387 0.194547
vt 0.579643 0.193704
vt 0.579631 0.195869
vt 0.586376 0.195025
vt 0.399724 0.762266
vt 0.399724 0.745390
vt 0.392927 0.762266
vt 0.392927 0.745389
vt 0.674087 0.475132
vt 0.674087 0.500523
vt 0.653235 0.492927
vt 0.653235 0.482729
vt 0.636777 0.492927
vt 0.636777 0.482729
vt 0.620200 0.492927
vt 0.620200 0.482729
vt 0.599451 0.492927
vt 0.599451 0.482729
vt 0.588251 0.492927
vt 0.588252 0.482729
vt 0.583445 0.492927
vt 0.583445 0.482729
vt 0.577626 0.492927
vt 0.577626 0.482729
vt 0.563968 0.492927
vt 0.563968 0.482729
vt 0.540125 0.492927
vt 0.540125 0.482729
vt 0.515269 0.492927
vt 0.515269 0.482729
vt 0.503794 0.492927
vt 0.503794 0.482729
vt 0.488551 0.500725
vt 0.488551 0.474931
vt 0.587126 0.523021
vt 0.606799 0.518204
vt 0.611661 0.528599
vt 0.612945 0.553421
vt 0.603693 0.575396
vt 0.593814 0.584829
vt 0.588123 0.583619
vt 0.587899 0.578818
vt 0.596221 0.571322
vt 0.601531 0.551265
vt 0.598432 0.534979
vt 0.583059 0.501203
vt 0.612945 0.502224
vt 0.556762 0.563011
vt 0.576435 0.567827
vt 0.582581 0.583808
vt 0.552695 0.584829
vt 0.568068 0.551052
vt 0.571166 0.534767
vt 0.565857 0.514710
vt 0.557536 0.507214
vt 0.557759 0.502412
vt 0.563450 0.501203
vt 0.573329 0.510636
vt 0.582581 0.532610
vt 0.581296 0.557433
vt 0.571042 0.408292
vt 0.477050 0.951210
vt 0.007437 0.746979
vt 0.007427 0.729966
vt 0.477605 0.970063
vt 0.002557 0.390025
vt 0.057572 0.272602
vt 0.084204 0.276341
vt 0.073545 0.280602
vt 0.071462 0.280574
vt 0.326001 0.519254
vt 0.337623 0.528659
vt 0.337190 0.522539
vt 0.338119 0.524100
vt 0.338339 0.527044
vt 0.557512 0.739300
vt 0.556606 0.745452
vt 0.554419 0.748000
vt 0.545766 0.748000
vt 0.543578 0.745452
vt 0.542672 0.739300
vt 0.531420 0.745651
vt 0.531080 0.733713
vt 0.556198 0.735197
vt 0.556597 0.743961
vt 0.019620 0.034161
vt 0.020466 0.039372
vt 0.008752 0.040187
vt 0.008397 0.035084
vt 0.583950 0.104684
vt 0.583555 0.099614
vt 0.587639 0.099160
vt 0.587963 0.104626
vt 0.583926 0.114802
vt 0.073956 0.113374
vt 0.073959 0.108774
vt 0.584050 0.109767
vt 0.023849 0.012105
vt 0.023183 0.016159
vt 0.020017 0.015548
vt 0.021040 0.010845
vt 0.586674 0.093213
vt 0.600042 0.092283
vt 0.600448 0.098106
vt 0.583572 0.119705
vt 0.073949 0.117974
vt 0.600691 0.104078
vt 0.533346 0.015768
vt 0.535835 0.014332
vt 0.538708 0.014332
vt 0.541196 0.015768
vt 0.542633 0.018257
vt 0.542633 0.021130
vt 0.541196 0.023618
vt 0.538708 0.025055
vt 0.535835 0.025055
vt 0.533346 0.023618
vt 0.531910 0.021130
vt 0.531910 0.018257
vt 0.582813 0.124331
vt 0.073936 0.122572
vt 0.587767 0.115194
vt 0.587186 0.120401
vt 0.023198 0.033763
vt 0.525992 0.033796
vt 0.526003 0.038097
vt 0.023897 0.038025
vt 0.008889 0.014340
vt 0.009579 0.009140
vt 0.022853 0.029320
vt 0.525985 0.029766
vt 0.022765 0.024866
vt 0.019336 0.029371
vt 0.019306 0.024713
vt 0.019508 0.020112
vt 0.008196 0.024665
vt 0.008430 0.019503
vt 0.525982 0.025736
vt 0.587997 0.109942
vt 0.008183 0.029851
vt 0.022874 0.020455
vt 0.525984 0.021705
vt 0.600676 0.109997
vt 0.600410 0.115888
vt 0.525991 0.017675
vt 0.582758 0.094750
vt 0.586019 0.125769
vt 0.599886 0.121780
vt 0.599099 0.127715
vt 0.526003 0.013645
vt 0.073947 0.099576
vt 0.073936 0.094667
vt 0.073956 0.104175
vt 0.057196 0.061713
vt 0.108350 0.061551
vt 0.108329 0.065126
vt 0.057295 0.064894
vt 0.056881 0.058409
vt 0.108342 0.057975
vt 0.596267 0.149816
vt 0.554233 0.149971
vt 0.554199 0.147101
vt 0.596283 0.147237
vt 0.055975 0.054980
vt 0.108309 0.054391
vt 0.551635 0.141099
vt 0.505684 0.140810
vt 0.505686 0.137598
vt 0.552354 0.137755
vt 0.551416 0.144185
vt 0.505719 0.144132
vt 0.551381 0.147172
vt 0.505757 0.147456
vt 0.551486 0.150120
vt 0.505857 0.150804
vt 0.551804 0.153053
vt 0.506002 0.154152
vt 0.552565 0.156099
vt 0.506189 0.157504
vt 0.056950 0.071170
vt 0.108081 0.072247
vt 0.107919 0.075567
vt 0.056158 0.074447
vt 0.057240 0.068035
vt 0.108229 0.068689
vt 0.596281 0.152394
vt 0.554405 0.152764
vt 0.596314 0.155145
vt 0.554930 0.155389
vt 0.007095 0.071028
vt 0.054009 0.070887
vt 0.053472 0.073710
vt 0.007119 0.073769
vt 0.007037 0.068282
vt 0.054151 0.067902
vt 0.006943 0.065531
vt 0.054135 0.064845
vt 0.554290 0.144202
vt 0.596331 0.144657
vt 0.554586 0.141308
vt 0.596410 0.142080
vt 0.555232 0.138543
vt 0.596518 0.139507
vt 0.006470 0.057080
vt 0.053028 0.055771
vt 0.053551 0.058703
vt 0.006656 0.060022
vt 0.053972 0.061766
vt 0.006815 0.062777
vt 0.131502 0.064644
vt 0.131466 0.060106
vt 0.150979 0.060106
vt 0.148304 0.064607
vt 0.131535 0.069178
vt 0.147071 0.069104
vt 0.131533 0.073562
vt 0.146728 0.073581
vt 0.131551 0.069455
vt 0.131523 0.074007
vt 0.146971 0.074028
vt 0.147318 0.069475
vt 0.188202 0.028800
vt 0.190412 0.037049
vt 0.133990 0.040353
vt 0.131780 0.028800
vt 0.131558 0.064912
vt 0.148564 0.064924
vt 0.196451 0.043087
vt 0.204699 0.045298
vt 0.158577 0.048053
vt 0.140029 0.047844
vt 0.131540 0.060373
vt 0.151269 0.060373
vt 0.204699 0.012303
vt 0.196451 0.014513
vt 0.140029 0.009757
vt 0.158577 0.009548
vt 0.142687 0.035752
vt 0.142687 0.025975
vt 0.182712 0.025974
vt 0.182712 0.035752
vt 0.142762 0.020738
vt 0.142762 0.025865
vt 0.183227 0.025865
vt 0.183227 0.020738
vt 0.142762 0.014470
vt 0.183227 0.014470
vt 0.142762 0.035751
vt 0.183228 0.035751
vt 0.142687 0.020903
vt 0.142687 0.014703
vt 0.182712 0.014703
vt 0.182712 0.020903
vt 0.190412 0.020552
vt 0.133990 0.017248
vt 0.456978 0.098276
vt 0.469674 0.098562
vt 0.473749 0.103737
vt 0.475173 0.111662
vt 0.473571 0.119552
vt 0.469380 0.124633
vt 0.456681 0.124633
vt 0.415394 0.122282
vt 0.415649 0.099696
vt 0.408781 0.120694
vt 0.404395 0.116512
vt 0.402889 0.110846
vt 0.404522 0.105216
vt 0.409002 0.101134
vt 0.062147 0.356589
vt 0.000063 0.215764
vt 0.102752 0.235819
vt 0.051921 0.360548
vt 0.074371 0.087154
vt 0.074371 0.106948
vt 0.052641 0.106948
vt 0.052641 0.087154
vt 0.040668 0.335422
vt 0.102752 0.476247
vt 0.000063 0.456191
vt 0.050894 0.331463
vt 0.531324 0.013627
vt 0.531324 -0.005211
vt 0.552004 -0.005211
vt 0.552004 0.013627
vt 0.000327 0.150853
vt 0.047598 0.141774
vt 0.047192 0.153345
vt 0.000063 0.149122
vt 0.030767 0.168218
vt 0.030767 0.124290
vt 0.070409 0.124290
vt 0.055825 0.168218
vt 0.028086 0.141645
vt 0.999937 0.000063
vt 0.999937 0.215639
vt 0.028952 0.155716
vt 0.546569 0.083623
vt 0.530684 0.038128
vt 0.573864 0.038128
vt 0.573864 0.083623
vt 0.860304 0.313936
vt 0.859991 0.318552
vt 0.851185 0.318438
vt 0.851392 0.313889
vt 0.859628 0.323739
vt 0.850396 0.322980
vt 0.868932 0.304922
vt 0.978237 0.305246
vt 0.978208 0.309539
vt 0.868837 0.309443
vt 0.860476 0.309394
vt 0.860638 0.304863
vt 0.860959 0.300285
vt 0.851637 0.304841
vt 0.851606 0.300289
vt 0.869075 0.300425
vt 0.978338 0.300957
vt 0.963045 0.283431
vt 0.963496 0.278320
vt 0.970675 0.278316
vt 0.970952 0.282939
vt 0.956613 0.308422
vt 0.957536 0.304688
vt 0.967203 0.305407
vt 0.966769 0.308655
vt 0.869868 0.295960
vt 0.978511 0.296672
vt 0.957376 0.273683
vt 0.957448 0.269162
vt 0.963867 0.269211
vt 0.963742 0.273742
vt 0.957472 0.260057
vt 0.873376 0.260462
vt 0.873260 0.255944
vt 0.957144 0.255452
vt 0.868765 0.313979
vt 0.963999 0.264669
vt 0.970839 0.264717
vt 0.970723 0.269243
vt 0.957504 0.264626
vt 0.873460 0.264767
vt 0.861547 0.295174
vt 0.851245 0.295666
vt 0.873492 0.269066
vt 0.964239 0.260053
vt 0.851544 0.309362
vt 0.873470 0.273359
vt 0.957265 0.278181
vt 0.873393 0.277648
vt 0.970652 0.273765
vt 0.956656 0.282645
vt 0.873260 0.281933
vt 0.964517 0.254866
vt 0.971604 0.255625
vt 0.970999 0.260167
vt 0.868806 0.318548
vt 0.978360 0.318143
vt 0.978511 0.322661
vt 0.869233 0.323153
vt 0.987130 0.278293
vt 0.987316 0.282744
vt 0.978250 0.313839
vt 0.889411 0.194930
vt 0.895727 0.194930
vt 0.901197 0.198088
vt 0.904355 0.203558
vt 0.904355 0.209874
vt 0.901197 0.215344
vt 0.895727 0.218502
vt 0.889411 0.218502
vt 0.883941 0.215344
vt 0.880783 0.209874
vt 0.880783 0.203558
vt 0.883941 0.198088
vt 0.987061 0.273843
vt 0.987098 0.269405
vt 0.987254 0.264975
vt 0.830211 0.309201
vt 0.830260 0.304762
vt 0.830171 0.300312
vt 0.829929 0.295861
vt 0.828988 0.322593
vt 0.829598 0.318055
vt 0.987569 0.260550
vt 0.830009 0.313630
vt 0.988037 0.256013
vt 0.968621 0.302299
vt 0.989734 0.303642
vt 0.988837 0.306177
vt 0.959532 0.316245
vt 0.957124 0.312283
vt 0.967453 0.311922
vt 0.969423 0.315049
vt 0.865408 0.277177
vt 0.861862 0.280351
vt 0.856995 0.278518
vt 0.858960 0.275881
vt 0.868327 0.269895
vt 0.867454 0.273638
vt 0.860142 0.272841
vt 0.860543 0.269609
vt 0.866267 0.262013
vt 0.868041 0.266010
vt 0.860074 0.266333
vt 0.858605 0.263183
vt 0.959825 0.301125
vt 0.964921 0.297615
vt 0.971610 0.299728
vt 0.965250 0.320107
vt 0.972589 0.317750
vt 0.861923 0.258105
vt 0.856204 0.260453
vt 0.915193 0.231011
vt 0.900283 0.239619
vt 0.883067 0.239619
vt 0.868157 0.231011
vt 0.859549 0.216101
vt 0.859549 0.198885
vt 0.868157 0.183975
vt 0.883067 0.175367
vt 0.900283 0.175367
vt 0.915193 0.183975
vt 0.923801 0.198885
vt 0.923801 0.216101
vt 0.841909 0.277338
vt 0.842830 0.274652
vt 0.843754 0.269515
vt 0.843556 0.266949
vt 0.991016 0.300991
vt 0.989675 0.313774
vt 0.991016 0.316211
vt 0.843494 0.272088
vt 0.842913 0.264420
vt 0.841909 0.261959
vt 0.988802 0.311269
vt 0.988514 0.308726
vt 0.897405 0.717680
vt 0.897405 0.722586
vt 0.897405 0.722586
vt 0.897405 0.717680
vt 0.990836 0.717680
vt 0.988016 0.728816
vt 0.988016 0.728816
vt 0.990836 0.717680
vt 0.964862 0.728816
vt 0.897405 0.722586
vt 0.897405 0.722586
vt 0.964862 0.728816
vt 0.970650 0.736141
vt 0.970650 0.736141
vt 0.976439 0.737525
vt 0.897405 0.717680
vt 0.982227 0.736141
vt 0.982227 0.736141
vt 0.976439 0.737525
vt 0.964862 0.728816
vt 0.970650 0.736141
vt 0.976439 0.737525
vt 0.982227 0.736141
vt 0.988016 0.728816
vt 0.990836 0.717680
vt 0.828919 0.749208
vt 0.828919 0.749208
vt 0.838942 0.749208
vt 0.838942 0.749208
vt 0.865565 0.731972
vt 0.865633 0.735678
vt 0.871634 0.735568
vt 0.871566 0.731862
vt 0.954474 0.730338
vt 0.954542 0.734044
vt 0.954542 0.734044
vt 0.954474 0.730338
vt 0.871634 0.735568
vt 0.871566 0.731862
vt 0.824099 0.749208
vt 0.824099 0.742422
vt 0.814075 0.742422
vt 0.814075 0.749208
vt 0.824099 0.648661
vt 0.824099 0.742422
vt 0.814075 0.742422
vt 0.814075 0.648661
vt 0.970650 0.736141
vt 0.976439 0.737525
vt 0.982227 0.736141
vt 0.988016 0.728816
vt 0.964862 0.728816
vt 0.990836 0.717680
vt 0.897405 0.717680
vt 0.871566 0.731862
vt 0.871634 0.735568
vt 0.838942 0.742422
vt 0.828919 0.742422
vt 0.954474 0.730338
vt 0.954542 0.734044
vt 0.954542 0.734044
vt 0.954474 0.730338
vt 0.865565 0.731972
vt 0.871566 0.731862
vt 0.865565 0.731972
vt 0.814075 0.749208
vt 0.824099 0.749208
vt 0.865633 0.735678
vt 0.865633 0.735678
vt 0.814075 0.749591
vt 0.824099 0.749591
vt 0.883473 0.740807
vt 0.880093 0.741713
vt 0.876714 0.740807
vt 0.874240 0.738333
vt 0.873334 0.734953
vt 0.874240 0.731574
vt 0.876714 0.729100
vt 0.880093 0.728194
vt 0.883473 0.729100
vt 0.885947 0.731574
vt 0.886853 0.734953
vt 0.885947 0.738333
vt 0.843830 0.649091
vt 0.809188 0.649091
vt 0.809188 0.646886
vt 0.843830 0.646886
vt 0.828919 0.742422
vt 0.838942 0.742422
vt 0.838942 0.744316
vt 0.828919 0.744316
vt 0.843830 0.653727
vt 0.809188 0.653727
vt 0.809188 0.652760
vt 0.843830 0.652760
vt 0.809188 0.645273
vt 0.843830 0.645273
vt 0.824099 0.648661
vt 0.814075 0.648661
vt 0.843830 0.652760
vt 0.809188 0.652760
vt 0.809188 0.644682
vt 0.843830 0.644682
vt 0.865633 0.735678
vt 0.865565 0.731972
vt 0.843830 0.650119
vt 0.809188 0.650119
vt 0.809188 0.645273
vt 0.843830 0.645273
vt 0.838942 0.648661
vt 0.828919 0.648661
vt 0.843830 0.646512
vt 0.809188 0.646512
vt 0.809188 0.646886
vt 0.843830 0.646886
vt 0.838942 0.648661
vt 0.828919 0.648661
vt 0.843830 0.642904
vt 0.809188 0.642904
vt 0.809188 0.649091
vt 0.843830 0.649091
vt 0.871634 0.735568
vt 0.843830 0.640263
vt 0.809188 0.640263
vt 0.809188 0.651296
vt 0.843830 0.651296
vt 0.843830 0.639297
vt 0.809188 0.639297
vt 0.809188 0.652910
vt 0.843830 0.652910
vt 0.880093 0.741713
vt 0.883473 0.740807
vt 0.885947 0.738333
vt 0.886853 0.734953
vt 0.885947 0.731574
vt 0.883473 0.729100
vt 0.880093 0.728194
vt 0.876714 0.729100
vt 0.874240 0.731574
vt 0.873334 0.734953
vt 0.874240 0.738333
vt 0.876714 0.740807
vt 0.843830 0.640263
vt 0.809188 0.640263
vt 0.809188 0.653501
vt 0.843830 0.653501
vt 0.843830 0.650119
vt 0.809188 0.650119
vt 0.809188 0.646512
vt 0.843830 0.646512
vt 0.843830 0.642904
vt 0.809188 0.642904
vt 0.809188 0.652910
vt 0.843830 0.652910
vt 0.978693 0.734317
vt 0.976530 0.734896
vt 0.974368 0.734317
vt 0.972785 0.732734
vt 0.972206 0.730572
vt 0.972785 0.728410
vt 0.974368 0.726827
vt 0.976530 0.726247
vt 0.978693 0.726827
vt 0.980276 0.728410
vt 0.980855 0.730572
vt 0.980276 0.732734
vt 0.809188 0.651296
vt 0.843830 0.651296
vt 0.976530 0.734896
vt 0.978693 0.734317
vt 0.980276 0.732734
vt 0.980855 0.730572
vt 0.980276 0.728410
vt 0.978693 0.726827
vt 0.976530 0.726247
vt 0.974368 0.726827
vt 0.972785 0.728410
vt 0.972206 0.730572
vt 0.972785 0.732734
vt 0.974368 0.734317
vt 0.828919 0.749591
vt 0.838942 0.749591
vt 0.865334 0.737823
vt 0.870041 0.740041
vt 0.866403 0.742322
vt 0.864404 0.740596
vt 0.814075 0.744316
vt 0.824099 0.744316
vt 0.824099 0.748477
vt 0.814075 0.748477
vt 0.865640 0.736029
vt 0.865640 0.736029
vt 0.865334 0.737823
vt 0.870041 0.740041
vt 0.869640 0.735956
vt 0.869640 0.735956
vt 0.869713 0.739914
vt 0.824099 0.750700
vt 0.814075 0.750700
vt 0.828919 0.748477
vt 0.838942 0.748477
vt 0.838942 0.750700
vt 0.828919 0.750700
vt 0.864404 0.740596
vt 0.866403 0.742322
vt 0.870041 0.740041
vt 0.865334 0.737823
vt 0.865334 0.737823
vt 0.870041 0.740041
vt 0.866403 0.742322
vt 0.864404 0.740596
vt 0.864404 0.740596
vt 0.866403 0.742322
vt 0.865713 0.739987
vt 0.783289 0.941762
vt 0.773334 0.935972
vt 0.748369 0.935972
vt 0.748369 0.979608
vt 0.787454 0.979608
vt 0.771219 0.956843
vt 0.771219 0.940579
vt 0.779813 0.940579
vt 0.779813 0.956843
vt 0.748099 0.936014
vt 0.773064 0.936014
vt 0.783019 0.941804
vt 0.787184 0.979650
vt 0.748099 0.979650
vt 0.770837 0.962810
vt 0.780275 0.962810
vt 0.780275 0.976712
vt 0.770837 0.976712
vt 0.770837 0.954856
vt 0.780275 0.954856
vt 0.770837 0.951187
vt 0.780275 0.951187
vt 0.770837 0.939057
vt 0.780275 0.939057
vt 0.772143 0.929243
vt 0.760701 0.909425
vt 0.756878 0.909332
vt 0.765589 0.929084
vt 0.760650 0.909454
vt 0.772092 0.929273
vt 0.765538 0.929113
vt 0.756827 0.909361
vt 0.779813 0.974903
vt 0.771219 0.974903
vt 0.771219 0.959561
vt 0.779813 0.959561
vt 0.031421 0.724425
vt 0.105473 0.724425
vt 0.105625 0.660711
vt 0.039746 0.653557
vt 0.027644 0.729855
vt 0.103362 0.729435
vt 0.107055 0.749937
vt 0.041374 0.749937
vt 0.530923 0.748468
vt 0.206630 0.751908
vt 0.206649 0.673712
vt 0.539930 0.674485
vt 0.531723 0.748013
vt 0.204700 0.751613
vt 0.208099 0.749048
vt 0.541195 0.742480
vt 0.206741 0.724757
vt 0.530879 0.728147
vt 0.540174 0.674483
vt 0.206898 0.673711
vt 0.204076 0.729858
vt 0.531235 0.731357
vt 0.540951 0.742480
vt 0.207849 0.749050
vt 0.105807 0.752387
vt 0.105374 0.660712
vt 0.104031 0.752667
vt 0.107306 0.749935
vt 0.031527 0.752476
vt 0.039495 0.653559
vt 0.027943 0.752638
vt 0.041624 0.749935
vt 0.289254 0.587981
vt 0.338910 0.587621
vt 0.002498 0.383123
vt 0.080817 0.382498
vt 0.009016 0.751664
vt 0.023273 0.749263
vt 0.298416 0.593207
vt 0.338511 0.593597
vt 0.565726 0.629754
vt 0.488055 0.629121
vt 0.012914 0.751458
vt 0.021100 0.654506
vt 0.192185 0.587461
vt 0.227373 0.381281
vt 0.298210 0.615196
vt 0.223814 0.614511
vt 0.226866 0.485274
vt 0.081668 0.486325
vt 0.343489 0.525420
vt 0.488908 0.526633
vt 0.289557 0.624010
vt 0.192219 0.625836
vt 0.343982 0.628073
vt 0.224020 0.592500
vt 0.195137 0.614249
vt 0.282645 0.485124
vt 0.288633 0.627924
vt 0.195343 0.592225
vt 0.223913 0.268706
vt 0.248409 0.254136
vt 0.251939 0.256062
vt 0.227122 0.270288
vt 0.031442 0.586920
vt 0.061727 0.594621
vt 0.544073 0.486961
vt 0.498088 0.485926
vt 0.084509 0.611715
vt 0.061400 0.609358
vt 0.116484 0.627834
vt 0.109383 0.628000
vt 0.102468 0.591609
vt 0.106134 0.591391
vt 0.122392 0.241563
vt 0.097844 0.227001
vt 0.101042 0.225334
vt 0.125936 0.239634
vt 0.031442 0.617132
vt 0.013139 0.725464
vt 0.021351 0.654504
vt 0.000791 0.748167
vt 0.003319 0.746165
vt 0.009248 0.730877
vt 0.023022 0.749265
vt 0.005837 0.749867
vt 0.004165 0.657638
vt 0.005948 0.727020
vt 0.004416 0.657636
vt 0.000791 0.734333
vt 0.003068 0.746168
vt 0.338306 0.615557
vt 0.003391 0.486961
vt 0.339202 0.623565
vt 0.566619 0.527256
vt 0.463278 0.485188
vt 0.456123 0.485021
vt 0.105928 0.613413
vt 0.102267 0.613128
vt 0.074830 0.628731
vt 0.084690 0.592680
vt 0.508926 0.824491
vt 0.476706 0.828260
vt 0.536921 0.873952
vt 0.578223 0.879724
vt 0.181114 0.224406
vt 0.178739 0.222584
vt 0.183583 0.220495
vt 0.516766 0.827815
vt 0.455589 0.872130
vt 0.470394 0.910433
vt 0.184899 0.881607
vt 0.185404 0.875085
vt 0.470693 0.946200
vt 0.469561 0.910558
vt 0.216292 0.881525
vt 0.222845 0.887403
vt 0.029183 0.629754
vt 0.475547 0.789522
vt 0.509304 0.793038
vt 0.579350 0.879855
vt 0.537897 0.873977
vt 0.325543 0.789540
vt 0.394151 0.790916
vt 0.510670 0.769372
vt 0.416459 0.787129
vt 0.392753 0.827072
vt 0.325017 0.828323
vt 0.415780 0.787195
vt 0.509868 0.769595
vt 0.525170 0.831414
vt 0.441381 0.830627
vt 0.526099 0.831297
vt 0.441184 0.787129
vt 0.178702 0.868775
vt 0.438705 0.836105
vt 0.217286 0.890031
vt 0.224661 0.930411
vt 0.234791 0.947403
vt 0.452767 0.950284
vt 0.178702 0.930686
vt 0.183516 0.890095
vt 0.453641 0.950265
vt 0.235872 0.947258
vt 0.238731 0.979298
vt 0.454792 0.977884
vt 0.462950 0.994117
vt 0.238443 0.993990
vt 0.238389 0.976992
vt 0.462901 0.977384
vt 0.453925 0.977966
vt 0.237674 0.979336
vt 0.220605 0.868725
vt 0.214771 0.874959
vt 0.454690 0.872189
vt 0.438019 0.836141
vt 0.212891 0.863895
vt 0.405998 0.834966
vt 0.307931 0.820606
vt 0.398490 0.805293
vt 0.307669 0.796911
vt 0.399179 0.805232
vt 0.185793 0.864028
vt 0.406667 0.834881
vt 0.389400 0.836359
vt 0.189657 0.861608
vt 0.388698 0.836479
vt 0.208547 0.861489
vt 0.296324 0.817500
vt 0.385141 0.812773
vt 0.296027 0.800206
vt 0.385855 0.812703
vt 0.366120 0.836660
vt 0.189406 0.858131
vt 0.365361 0.836775
vt 0.208001 0.858021
vt 0.281695 0.817220
vt 0.366229 0.813704
vt 0.281461 0.800881
vt 0.366980 0.813635
vt 0.197619 0.800159
vt 0.257424 0.802052
vt 0.183924 0.840317
vt 0.255550 0.824904
vt 0.256477 0.802075
vt 0.197899 0.820265
vt 0.254608 0.824964
vt 0.209324 0.840079
vt 0.017636 0.769595
vt 0.015709 0.826884
vt 0.018869 0.769372
vt 0.015316 0.798608
vt 0.008859 0.980417
vt 0.009389 0.977185
vt 0.020079 0.979035
vt 0.020965 0.978657
vt 0.009397 0.993998
vt 0.008851 0.990777
vt 0.181135 0.836584
vt 0.239627 0.842715
vt 0.217407 0.945770
vt 0.234648 0.860489
vt 0.185007 0.945623
vt 0.235662 0.860348
vt 0.213028 0.833751
vt 0.211558 0.836401
vt 0.238640 0.842822
vt 0.179378 0.833851
vt 0.044326 0.587461
vt 0.154115 0.588394
vt 0.282553 0.367910
vt 0.456239 0.368081
vt 0.116387 0.512369
vt 0.288738 0.512216
vt 0.153759 0.624408
vt 0.044053 0.623518
vt 0.327879 0.512112
vt 0.178431 0.623730
vt 0.243106 0.367800
vt 0.179046 0.589355
vt 0.054808 0.271368
vt 0.057315 0.275283
vt 0.052414 0.273185
vt 0.517023 0.789577
vt 0.471180 0.946058
vt 0.179024 0.887394
vt 0.534126 0.825145
vt 0.535876 0.830159
vt 0.194081 0.215049
vt 0.067841 0.280777
vt 0.535876 0.787329
vt 0.534176 0.792285
vt 0.474017 0.976490
vt 0.481969 0.973528
vt 0.481969 0.997253
vt 0.474351 0.976817
vt 0.556521 0.732808
vt 0.557167 0.739790
vt 0.557414 0.739790
vt 0.557079 0.746363
vt 0.556321 0.746609
vt 0.556256 0.678071
vt 0.556059 0.729935
vt 0.556502 0.678069
vn 0.0000 0.0000 -1.0000
vn 0.0000 0.0000 1.0000
vn -0.0000 -1.0000 0.0000
vn 0.0223 0.0000 -0.9998
vn 0.1995 0.0000 -0.9799
vn 0.0000 1.0000 0.0000
vn 0.1995 -0.0000 0.9799
vn 0.0214 0.0000 0.9998
vn 0.0000 0.1359 -0.9907
vn -0.0000 0.1359 0.9907
vn -0.0409 0.2140 -0.9760
vn -0.8670 0.4984 0.0000
vn -0.0493 -0.0589 -0.9970
vn 0.0017 -0.4173 0.9088
vn -0.0331 0.9995 0.0000
vn -0.0411 0.2139 0.9760
vn 0.0186 -0.9998 0.0000
vn -0.2707 -0.9627 0.0000
vn 0.0214 0.0000 -0.9998
vn -0.0860 0.0000 -0.9963
vn 0.1829 -0.9831 0.0000
vn 0.2229 -0.9748 0.0000
vn 0.6797 -0.7335 0.0000
vn -0.0860 0.0000 0.9963
vn 0.0192 -0.9998 0.0000
vn -0.8697 0.0317 0.4925
vn -0.0254 0.1729 -0.9846
vn -0.8697 0.0317 -0.4925
vn -0.7250 0.0000 -0.6887
vn -0.7250 0.0000 0.6887
vn -0.8164 0.5775 0.0000
vn -0.9222 -0.3866 0.0000
vn -0.0255 0.1413 -0.9896
vn 1.0000 0.0056 0.0000
vn -0.0109 0.1360 -0.9907
vn 0.1009 -0.9949 0.0000
vn 0.9373 -0.3484 0.0000
vn -0.0109 0.1360 0.9907
vn 0.9749 -0.2225 0.0000
vn 0.0017 -0.4173 -0.9088
vn -0.9029 0.4298 0.0000
vn -0.0254 0.1729 0.9846
vn -0.3448 0.1483 -0.9269
vn -0.3448 0.1483 0.9269
vn 0.9749 -0.2224 0.0000
vn -0.9993 -0.0361 0.0000
vn 0.0161 0.0186 0.9997
vn -0.0156 0.9999 0.0000
vn -0.0065 0.2515 -0.9678
vn -0.9246 0.3809 0.0000
vn -0.0462 -0.1073 0.9931
vn -0.0462 -0.1073 -0.9931
vn -0.9045 -0.4265 0.0000
vn -0.0047 -1.0000 0.0000
vn -0.2035 -0.9791 0.0000
vn -0.5231 -0.8523 0.0000
vn 0.1252 -0.9921 0.0000
vn 0.0837 0.9965 0.0000
vn -0.3593 -0.1061 0.9272
vn -0.3593 -0.1061 -0.9272
vn 0.0417 -0.1415 0.9891
vn 0.0017 1.0000 0.0000
vn -0.0005 -0.1677 0.9858
vn -0.0005 -0.1677 -0.9858
vn 0.0733 -0.2824 -0.9565
vn 0.0417 -0.1415 -0.9891
vn 0.1387 -0.9903 0.0000
vn -0.1252 0.9921 0.0000
vn -0.9793 0.2026 -0.0000
vn 0.9788 0.2049 0.0000
vn 0.0126 0.1812 0.9834
vn 0.7397 0.6729 0.0000
vn -0.0065 0.2515 0.9678
vn 0.0026 1.0000 0.0000
vn 0.0733 -0.2824 0.9565
vn 0.0161 0.0186 -0.9997
vn -0.0150 0.9999 0.0000
vn 0.0046 0.1837 -0.9830
vn 0.0346 -0.0703 -0.9969
vn 0.0346 -0.0703 0.9969
vn -0.9989 0.0477 0.0000
vn -0.9902 0.1398 0.0000
vn -0.9796 -0.2009 0.0000
vn 0.0608 -0.1535 -0.9863
vn 0.0608 -0.1535 0.9863
vn -0.0748 -0.0262 0.9969
vn 0.4605 -0.2509 0.8514
vn 0.5588 -0.8293 0.0000
vn -0.9997 0.0243 0.0000
vn 1.0000 0.0000 0.0000
vn -0.2397 0.0617 -0.9689
vn 0.8743 -0.4311 0.2230
vn 0.8789 -0.4277 -0.2111
vn 0.7181 0.6959 0.0000
vn 0.9963 -0.0863 0.0000
vn 0.4605 -0.2509 -0.8514
vn -0.9988 -0.0491 0.0000
vn -0.6798 -0.7334 0.0000
vn 0.0767 -0.9971 0.0000
vn -0.0440 0.9990 0.0000
vn -0.7862 0.6180 0.0000
vn 0.7861 -0.6180 0.0000
vn 0.6939 -0.7201 0.0000
vn 0.9823 -0.1874 0.0000
vn -0.9837 0.1797 0.0000
vn -0.7144 0.6997 0.0000
vn 0.0160 -0.0260 -0.9995
vn -0.0004 -1.0000 0.0000
vn 0.0160 -0.0260 0.9995
vn 0.9876 -0.1572 -0.0000
vn 0.9555 -0.2949 0.0000
vn 0.6402 -0.7682 0.0000
vn 0.9533 -0.3019 0.0000
vn 0.9902 0.1396 0.0000
vn 0.7526 0.6585 0.0000
vn 0.9864 -0.1644 0.0000
vn 0.0905 -0.9959 0.0000
vn -0.7714 -0.6364 0.0000
vn -0.9611 -0.2762 0.0000
vn -0.9855 0.1696 0.0000
vn -0.8493 0.5279 0.0000
vn -0.9504 -0.3110 0.0000
vn -0.0691 -0.4050 0.9117
vn -0.0691 -0.4050 -0.9117
vn -0.0493 -0.0589 0.9970
vn -0.7376 -0.6752 0.0000
vn -0.3127 0.0632 0.9478
vn -0.0748 -0.0262 -0.9969
vn -0.0255 0.1413 0.9896
vn 0.9966 -0.0824 0.0000
vn 0.1544 0.9880 0.0000
vn 0.0223 0.0000 0.9998
vn 0.0125 -0.9999 0.0000
vn 0.0000 0.9659 0.2588
vn 0.8045 -0.4200 -0.4200
vn 0.0000 0.2588 -0.9659
vn 0.8045 -0.5737 0.1537
vn 0.0000 -0.9659 -0.2588
vn 0.0000 0.7071 -0.7071
vn 0.0000 -0.7071 -0.7071
vn 0.0000 0.9659 -0.2588
vn 0.8045 0.4200 -0.4200
vn 0.8045 0.5737 0.1537
vn 0.0000 -0.9659 0.2588
vn 0.0000 0.7071 0.7071
vn 0.8045 0.1537 0.5737
vn 0.0000 -0.2588 0.9659
vn 0.0000 0.2588 0.9659
vn 0.8045 0.1537 -0.5737
vn 0.8045 -0.4200 0.4200
vn -0.0000 -0.7071 0.7071
vn 0.8045 -0.5737 -0.1537
vn 0.8045 0.5737 -0.1537
vn 0.0000 -0.2588 -0.9659
vn 0.8045 0.4199 0.4200
vn 0.8045 -0.1537 0.5737
vn 0.8045 -0.1537 -0.5737
vn -0.8752 -0.1252 -0.4672
vn -0.8752 -0.3420 -0.3420
vn -0.8752 -0.4672 -0.1252
vn -0.8752 -0.4672 0.1252
vn -0.8752 -0.3420 0.3420
vn -0.8752 -0.1252 0.4672
vn -0.8752 0.1252 0.4672
vn -0.8752 0.3420 0.3420
vn -0.8752 0.4672 0.1252
vn -0.8752 0.4672 -0.1252
vn -0.8752 0.3420 -0.3420
vn -0.8752 0.1252 -0.4672
vn -1.0000 0.0000 0.0000
vn 0.0000 -0.0113 0.9999
vn 0.0000 -0.7785 -0.6276
vn 0.0000 -0.9822 -0.1879
vn 0.0000 -0.0113 -0.9999
vn 0.0000 -0.9822 0.1879
vn 0.0000 -0.7785 0.6276
vn 0.0000 0.0596 0.9982
vn 0.0000 0.0596 -0.9982
vn 0.7643 0.6449 0.0000
vn 0.8855 0.4646 0.0000
vn -0.9814 0.1920 0.0000
vn -0.5334 -0.5981 -0.5981
vn -0.5334 -0.8170 -0.2189
vn 0.6299 0.2010 -0.7502
vn -0.5334 0.5981 -0.5981
vn -0.5334 -0.8170 0.2189
vn 0.8422 0.1396 -0.5208
vn 0.6299 -0.2010 0.7502
vn 0.6299 -0.2010 -0.7502
vn -0.5334 0.2189 0.8170
vn 0.6299 0.5492 -0.5492
vn -0.5334 0.8170 -0.2189
vn 0.6299 0.5492 0.5492
vn -0.5334 -0.2189 -0.8170
vn 0.6299 0.2010 0.7502
vn 0.6299 0.7502 -0.2010
vn 0.6299 -0.5492 0.5492
vn -0.5334 -0.5981 0.5981
vn 0.6299 -0.7502 0.2010
vn -0.5334 0.8170 0.2189
vn 0.6299 -0.5492 -0.5492
vn 0.6299 0.7502 0.2010
vn -0.5334 -0.2189 0.8170
vn 0.6299 -0.7502 -0.2010
vn -0.5334 0.2189 -0.8170
vn -0.5334 0.5981 0.5981
vn 0.8422 -0.3813 -0.3813
vn 0.8422 -0.5208 0.1396
vn 0.8422 -0.1395 0.5208
vn 0.8422 0.3813 0.3813
vn 0.8422 0.5208 -0.1396
vn 0.8422 -0.5208 -0.1396
vn 0.8422 -0.3813 0.3813
vn 0.8422 0.1396 0.5208
vn 0.8422 0.5208 0.1396
vn 0.8422 -0.1396 -0.5208
vn 0.8422 0.3813 -0.3813
vn 0.9694 0.2455 0.0000
vn -0.0920 0.9958 0.0000
vn -0.7846 0.6200 0.0000
vn 0.7846 0.6200 0.0000
vn 0.2326 0.9726 0.0000
vn -0.2326 0.9726 0.0000
vn -0.9877 -0.1562 0.0000
vn 0.2588 0.9659 0.0000
vn 0.9357 0.3528 0.0000
vn -0.9659 0.2588 0.0000
vn 0.7071 0.7071 0.0000
vn -0.9659 -0.2588 0.0000
vn 0.9659 0.2588 0.0000
vn -0.7071 -0.7071 0.0000
vn 0.9659 -0.2588 0.0000
vn -0.2588 -0.9659 0.0000
vn 0.7071 -0.7071 0.0000
vn 0.2588 -0.9659 0.0000
vn -0.2588 0.9659 0.0000
vn -0.7071 0.7071 0.0000
vn 0.5155 0.8569 -0.0000
vn 0.0000 0.9552 -0.2959
vn -0.6673 0.7448 0.0000
vn -0.9420 -0.3355 0.0000
vn 0.0000 0.9552 0.2959
vn 0.1730 0.9849 0.0000
vn 0.0000 0.2443 0.9697
vn 0.0000 0.2443 -0.9697
vn 0.8536 -0.5209 0.0000
vn 0.5028 -0.8644 0.0000
vn 0.9940 -0.1094 0.0000
vn -0.9049 0.4257 0.0000
vn 0.0176 -0.9228 -0.3850
vn 0.0072 -0.3803 -0.9248
vn -0.0002 0.9245 0.3812
vn -0.0002 0.3842 0.9233
vn 0.0199 -0.9241 0.3816
vn 0.0253 -0.3835 0.9232
vn 0.0198 0.9255 -0.3781
vn 0.0253 0.3871 -0.9217
vn 0.0199 -0.9241 -0.3816
vn 0.0253 -0.3835 -0.9232
vn 0.0198 0.9256 0.3781
vn 0.0253 0.3871 0.9217
vn 0.1776 -0.9095 0.3757
vn 0.0909 -0.3820 0.9197
vn 0.0084 0.9257 -0.3782
vn 0.0198 0.3871 -0.9218
vn 0.1776 -0.9095 -0.3757
vn 0.0909 -0.3820 -0.9197
vn 0.0084 0.9257 0.3781
vn 0.0198 0.3872 0.9218
vn 0.0176 -0.9228 0.3850
vn 0.0072 -0.3803 0.9248
vn -0.0002 0.9245 -0.3813
vn -0.0002 0.3841 -0.9233
vn 0.0002 -0.9224 -0.3861
vn 0.0002 -0.3793 -0.9253
vn -0.0342 0.9240 -0.3809
vn -0.0808 0.3830 -0.9202
vn 0.0002 0.9373 0.3485
vn 0.0000 0.4985 0.8669
vn -0.0341 -0.9223 0.3850
vn -0.0805 -0.3790 0.9219
vn 0.0001 -0.9222 -0.3867
vn 0.0000 -0.3786 -0.9255
vn 0.0001 0.9362 -0.3515
vn 0.0000 0.4956 -0.8685
vn 0.0000 -0.3786 0.9255
vn 0.0001 -0.9222 0.3867
vn 0.0000 0.4959 0.8684
vn 0.0001 0.9363 0.3512
vn 0.0001 0.9355 -0.3534
vn 0.0000 0.4937 -0.8696
vn 0.0000 0.4940 0.8694
vn 0.0001 0.9356 0.3531
vn -0.2931 0.3684 0.8823
vn -0.7669 0.5327 0.3578
vn -0.0500 0.5736 -0.8176
vn -0.0236 0.9421 -0.3345
vn -0.0549 0.4961 0.8665
vn -0.0251 0.9350 0.3537
vn -0.2909 0.3670 -0.8836
vn -0.7653 0.5325 -0.3617
vn -0.0341 -0.9223 -0.3850
vn -0.0805 -0.3790 -0.9219
vn -0.9143 0.3774 -0.1474
vn -0.9428 0.1478 -0.2989
vn -0.0342 0.9240 0.3807
vn -0.0808 0.3831 0.9201
vn -0.8164 -0.5328 0.2227
vn -0.8116 -0.2219 0.5405
vn -0.8164 -0.5328 -0.2227
vn -0.8116 -0.2219 -0.5405
vn -0.9143 0.3774 0.1473
vn -0.9428 0.1479 0.2989
vn 0.0002 0.9372 -0.3487
vn 0.0000 0.4983 -0.8670
vn 0.0002 -0.9224 0.3861
vn 0.0002 -0.3793 0.9253
vn -0.0548 0.4956 -0.8668
vn -0.0250 0.9348 -0.3542
vn -0.0537 0.5218 0.8514
vn -0.0247 0.9374 0.3474
vn 0.0919 -0.9415 0.3243
vn 0.0216 -0.5687 0.8222
vn 0.3075 -0.4746 0.8247
vn 0.8240 -0.4766 0.3064
vn -0.3819 0.1374 -0.9139
vn -0.8575 0.3483 -0.3786
vn -0.4008 -0.1158 0.9088
vn -0.9302 -0.0386 0.3651
vn -0.0537 0.5212 -0.8518
vn -0.0247 0.9371 -0.3481
vn -0.0500 0.5744 0.8171
vn -0.0236 0.9424 0.3337
vn 0.0919 -0.9415 -0.3243
vn 0.0216 -0.5687 -0.8222
vn -0.1891 -0.9097 -0.3697
vn -0.0806 -0.3877 -0.9183
vn -0.1891 -0.9097 0.3697
vn -0.0806 -0.3877 0.9183
vn 0.3812 -0.0870 0.9204
vn 0.9040 -0.2063 0.3744
vn 0.4399 0.0175 -0.8979
vn 0.9166 -0.1553 -0.3685
vn -0.8097 0.4530 -0.3731
vn -0.2872 0.2830 -0.9151
vn 0.0271 -0.9174 0.3970
vn 0.0254 -0.2180 0.9756
vn 0.0238 -0.9173 -0.3976
vn 0.0175 -0.2206 -0.9752
vn 0.0013 0.5256 -0.8507
vn 0.0017 0.9377 -0.3475
vn 0.0046 0.9382 0.3461
vn 0.0083 0.5268 0.8500
vn 0.4399 0.0175 0.8979
vn 0.9166 -0.1553 0.3685
vn 0.3812 -0.0870 -0.9204
vn 0.9040 -0.2063 -0.3744
vn -0.8100 0.4530 0.3724
vn -0.2879 0.2834 0.9148
vn -0.1138 0.9138 0.3899
vn -0.2402 0.2639 0.9342
vn -0.9269 -0.2995 0.2263
vn -0.7992 -0.0580 0.5982
vn -0.9269 -0.2995 -0.2263
vn -0.7992 -0.0580 -0.5982
vn -0.1140 0.9135 -0.3906
vn -0.2403 0.2632 -0.9344
vn -0.3101 0.2759 -0.9098
vn -0.0643 0.9177 -0.3921
vn -0.3099 0.2766 0.9096
vn -0.0641 0.9180 0.3914
vn -0.5707 -0.7547 0.3238
vn -0.4924 -0.3866 0.7798
vn -0.5707 -0.7547 -0.3238
vn -0.4924 -0.3866 -0.7798
vn 0.0005 0.2480 -0.9688
vn 0.0018 0.9179 -0.3968
vn 0.0005 0.2486 0.9686
vn 0.0018 0.9182 0.3962
vn -0.0035 -0.9313 0.3643
vn -0.0012 -0.5014 0.8652
vn -0.0035 -0.9313 -0.3643
vn -0.0012 -0.5014 -0.8652
vn 0.1253 -0.9244 -0.3602
vn 0.0859 -0.5083 -0.8569
vn -0.1024 0.9105 -0.4007
vn 0.0008 0.1965 -0.9805
vn 0.0859 -0.5083 0.8569
vn 0.1253 -0.9244 0.3602
vn 0.0007 0.1972 0.9804
vn -0.1024 0.9108 0.4000
vn 0.1022 -0.5783 0.8094
vn 0.1381 -0.9307 0.3388
vn 0.1022 -0.5783 -0.8094
vn 0.1381 -0.9307 -0.3388
vn -0.0164 0.9422 0.3347
vn -0.0135 0.5722 0.8200
vn -0.0135 0.5711 -0.8208
vn -0.0164 0.9417 -0.3360
vn 0.7372 0.5845 -0.3390
vn 0.3685 0.0814 -0.9261
vn 0.9093 -0.0027 0.4161
vn 0.2764 -0.0026 0.9610
vn 0.9089 -0.0027 -0.4170
vn 0.2755 -0.0026 -0.9613
vn 0.9140 0.1020 0.3927
vn 0.3948 -0.1157 0.9114
vn 0.9137 0.1017 -0.3934
vn 0.3941 -0.1160 -0.9117
vn 0.7373 0.5847 0.3384
vn 0.3690 0.0820 0.9258
vn -0.0001 -0.9100 -0.4145
vn -0.0001 -0.3504 -0.9366
vn -0.0001 -0.3504 0.9366
vn -0.0001 -0.9100 0.4145
vn 0.2632 -0.2839 0.9220
vn 0.6294 -0.6788 0.3783
vn 0.2632 -0.2839 -0.9220
vn 0.6294 -0.6788 -0.3783
vn 0.2881 -0.4791 -0.8292
vn 0.8116 -0.4906 -0.3172
vn -0.3968 -0.1151 -0.9107
vn -0.9283 -0.0387 -0.3698
vn -0.3828 0.1378 0.9135
vn -0.8579 0.3484 0.3777
vn 0.8886 -0.4120 0.2015
vn 0.3884 -0.2534 0.8860
vn 0.3738 -0.2429 -0.8952
vn 0.8888 -0.4077 -0.2095
vn -0.2698 -0.2145 -0.9387
vn -0.3357 -0.8571 -0.3908
vn -0.3402 -0.1713 0.9246
vn -0.3761 -0.8391 0.3929
vn -0.3839 0.3344 0.8607
vn -0.2274 0.8993 0.3735
vn -0.1906 0.9077 -0.3738
vn -0.3142 0.3563 -0.8800
vn 0.0000 0.9350 -0.3547
vn 0.0000 0.4925 -0.8703
vn -0.0000 0.4929 0.8701
vn 0.0000 0.9351 0.3543
vn -0.0000 -0.9111 -0.4122
vn -0.0002 -0.3546 -0.9350
vn -0.0002 -0.3546 0.9350
vn -0.0000 -0.9111 0.4122
vn 0.2168 0.9025 0.3722
vn 0.2406 0.3728 0.8961
vn 0.2406 0.3728 -0.8962
vn 0.2168 0.9025 -0.3722
vn 0.2780 -0.8866 0.3696
vn 0.2654 -0.3669 0.8916
vn 0.2780 -0.8866 -0.3696
vn 0.2654 -0.3669 -0.8916
vn 0.0125 0.9999 0.0000
usemtl Material
s off
f 6/1/1 476/2/1 509/3/1 9/4/1
f 506/5/2 10/6/2 4/7/2 485/8/2
f 573/9/3 582/10/3 515/11/3 512/12/3
f 489/13/4 7/14/4 3/15/4 467/16/4
f 467/16/5 3/15/5 101/17/5 771/18/5
f 3/15/5 465/19/5 776/20/5 101/17/5
f 515/11/3 528/21/3 524/22/3 512/12/3
f 498/23/6 510/24/6 504/25/6 491/26/6
f 470/27/7 5/28/7 102/29/7 780/30/7
f 7/14/4 497/31/4 465/19/4 3/15/4
f 480/32/1 6/1/1 9/4/1 500/33/1
f 479/34/3 486/35/3 570/36/3 560/37/3
f 494/38/8 8/39/8 10/6/8 506/5/8
f 8/39/8 492/40/8 503/41/8 10/6/8
f 516/42/2 11/43/2 13/44/2 527/45/2
f 518/46/6 521/47/6 534/48/6 530/49/6
f 12/50/1 513/51/1 525/52/1 14/53/1
f 522/54/9 12/50/9 14/53/9 533/55/9
f 100/56/1 97/57/1 1/58/1 16/59/1
f 576/60/6 579/61/6 521/47/6 518/46/6
f 19/62/10 575/63/10 519/64/10 11/43/10
f 603/65/11 26/66/11 557/67/11 551/68/11
f 97/57/1 525/52/1 722/69/1 764/70/1
f 99/71/10 762/72/10 536/73/10 15/74/10
f 537/75/6 539/76/6 585/77/6 587/78/6
f 605/79/6 602/80/6 552/81/6 549/82/6
f 554/83/12 549/82/12 552/81/12 558/84/12
f 543/85/13 25/86/13 37/87/13 741/88/13
f 735/89/14 38/90/14 611/91/14 599/92/14
f 558/93/15 755/94/15 753/95/15 554/96/15
f 27/97/16 606/98/16 548/99/16 555/100/16
f 747/101/17 749/102/17 630/103/17 626/104/17
f 98/105/2 99/71/2 15/74/2 2/106/2
f 581/107/2 19/62/2 11/43/2 516/42/2
f 542/108/18 546/109/18 749/102/18 747/101/18
f 11/43/10 519/64/10 531/110/10 13/44/10
f 578/111/9 20/112/9 12/50/9 522/54/9
f 9/4/19 509/3/19 497/31/19 7/14/19
f 6/1/20 480/32/20 561/113/20 18/114/20
f 482/115/6 477/116/6 564/117/6 566/118/6
f 501/119/21 488/120/21 495/121/21 507/122/21
f 473/123/22 468/124/22 770/125/22 774/126/22
f 5/28/7 474/127/7 773/128/7 102/29/7
f 524/22/23 528/21/23 726/129/23 723/130/23
f 485/8/24 4/7/24 17/131/24 569/132/24
f 510/24/6 477/116/6 482/115/6 504/25/6
f 500/33/19 9/4/19 7/14/19 489/13/19
f 476/2/20 6/1/20 18/114/20 563/133/20
f 479/34/25 501/119/25 507/122/25 486/35/25
f 10/6/2 503/41/2 483/134/2 4/7/2
f 4/7/24 483/134/24 567/135/24 17/131/24
f 17/131/26 567/135/26 575/136/26 19/137/26
f 584/138/27 23/139/27 26/66/27 603/65/27
f 563/133/28 18/114/28 20/140/28 578/141/28
f 18/114/29 561/113/29 572/142/29 20/140/29
f 569/132/30 17/131/30 19/137/30 581/143/30
f 566/118/31 564/117/31 579/144/31 576/145/31
f 2/106/2 15/74/2 24/146/2 21/147/2
f 758/148/9 100/56/9 16/59/9 540/149/9
f 1/150/32 2/151/32 21/152/32 22/153/32
f 16/59/1 1/58/1 22/154/1 23/139/1
f 761/155/6 759/156/6 539/76/6 537/75/6
f 540/149/33 16/59/33 23/139/33 584/138/33
f 714/157/34 710/158/34 626/104/34 630/103/34
f 590/159/35 609/160/35 642/161/35 644/162/35
f 597/163/36 600/164/36 612/165/36 608/166/36
f 738/167/37 734/168/37 600/164/37 597/163/37
f 611/91/38 593/169/38 648/170/38 639/171/38
f 608/166/39 612/165/39 638/172/39 641/173/39
f 37/87/40 737/174/40 596/175/40 609/160/40
f 21/147/2 24/146/2 27/97/2 28/176/2
f 587/78/6 585/77/6 602/80/6 605/79/6
f 23/139/1 22/154/1 25/177/1 26/66/1
f 594/178/41 591/179/41 645/180/41 647/181/41
f 24/146/42 588/182/42 606/98/42 27/97/42
f 644/162/1 642/161/1 620/183/1 615/184/1
f 644/162/43 615/184/43 651/185/43 659/186/43
f 617/187/44 648/170/44 657/188/44 653/189/44
f 641/173/45 638/172/45 624/190/45 621/191/45
f 33/192/46 34/193/46 30/194/46 29/195/46
f 34/196/47 713/197/47 629/198/47 30/199/47
f 647/181/48 645/180/48 660/200/48 656/201/48
f 632/202/49 627/203/49 29/204/49 699/205/49
f 743/206/50 740/207/50 591/179/50 594/178/50
f 38/90/51 744/208/51 593/169/51 611/91/51
f 741/88/52 37/87/52 609/160/52 590/159/52
f 614/209/53 618/210/53 654/211/53 650/212/53
f 662/213/54 666/214/54 678/215/54 674/216/54
f 639/171/2 648/170/2 617/187/2 623/217/2
f 621/191/55 624/190/55 618/210/55 614/209/55
f 650/212/56 654/211/56 666/214/56 662/213/56
f 674/216/57 678/215/57 690/218/57 686/219/57
f 656/201/58 660/200/58 672/220/58 668/221/58
f 653/189/59 657/188/59 669/222/59 665/223/59
f 659/186/60 651/185/60 663/224/60 671/225/60
f 677/226/61 681/227/61 693/228/61 689/229/61
f 668/221/62 672/220/62 684/230/62 680/231/62
f 665/223/63 669/222/63 681/227/63 677/226/63
f 671/225/64 663/224/64 675/232/64 683/233/64
f 695/234/65 687/235/65 704/236/65 32/237/65
f 683/233/66 675/232/66 687/235/66 695/234/66
f 686/219/67 690/218/67 707/238/67 705/239/67
f 680/231/68 684/230/68 696/240/68 692/241/68
f 31/242/69 32/243/69 704/244/69 706/245/69 705/246/69 707/247/69 709/248/69 708/249/69
f 720/250/70 717/251/70 710/252/70 714/253/70
f 750/254/71 752/255/71 636/256/71 629/198/71
f 692/241/72 696/240/72 717/251/72 720/250/72
f 629/198/73 636/256/73 701/257/73 30/199/73
f 753/95/74 755/94/74 633/258/74 635/259/74
f 689/229/75 693/228/75 31/260/75 708/261/75
f 711/262/76 33/263/76 29/204/76 627/203/76
f 635/264/77 633/265/77 698/266/77 702/267/77
f 756/268/78 746/269/78 627/203/78 632/202/78
f 716/270/79 35/271/79 33/263/79 711/262/79
f 723/130/3 726/129/3 767/272/3 765/273/3
f 36/274/80 719/275/80 713/197/80 34/196/80
f 35/276/81 36/277/81 34/193/81 33/192/81
f 32/243/82 31/242/82 36/277/82 35/276/82
f 30/194/83 701/278/83 703/279/83 702/280/83 698/281/83 700/282/83 699/283/83 29/195/83
f 695/234/84 32/237/84 35/271/84 716/270/84
f 31/260/85 693/228/85 719/275/85 36/274/85
f 1/58/1 97/57/1 764/70/1 729/284/1
f 21/285/86 735/286/86 731/287/86 2/288/86
f 14/53/1 525/52/1 97/57/1 100/56/1
f 64/289/87 63/290/87 41/291/87 40/292/87
f 734/293/88 738/294/88 66/295/88 63/296/88
f 546/109/89 542/108/89 740/207/89 743/206/89
f 770/297/90 772/298/90 771/299/90 101/300/90 102/301/90 773/302/90 775/303/90 774/304/90
f 28/176/2 27/97/2 555/100/2 545/305/2
f 543/85/91 746/269/91 756/268/91 557/306/91
f 732/307/92 734/308/92 63/309/92 64/310/92
f 738/311/93 728/312/93 65/313/93 66/314/93
f 39/315/94 40/316/94 44/317/94 43/318/94
f 65/319/95 64/320/95 40/316/95 39/315/95
f 66/321/96 65/322/96 39/323/96 42/324/96
f 63/325/97 66/326/97 42/327/97 41/328/97
f 46/329/1 43/330/1 47/331/1 50/332/1
f 42/324/1 39/323/1 43/330/1 46/329/1
f 41/328/98 42/327/98 46/333/98 45/334/98
f 40/292/2 41/291/2 45/335/2 44/336/2
f 48/337/2 49/338/2 53/339/2 52/340/2
f 45/334/99 46/333/99 50/341/99 49/342/99
f 44/336/2 45/335/2 49/338/2 48/337/2
f 43/318/100 44/317/100 48/343/100 47/344/100
f 54/345/1 51/346/1 55/347/1 58/348/1
f 47/344/101 48/343/101 52/349/101 51/350/101
f 50/332/1 47/331/1 51/346/1 54/345/1
f 49/342/102 50/341/102 54/351/102 53/352/102
f 57/353/103 58/354/103 62/355/103 61/356/103
f 53/352/104 54/351/104 58/354/104 57/353/104
f 52/340/2 53/339/2 57/357/2 56/358/2
f 51/350/105 52/349/105 56/359/105 55/360/105
f 56/358/2 57/357/2 61/361/2 60/362/2
f 55/360/106 56/359/106 60/363/106 59/364/106
f 58/348/1 55/347/1 59/365/1 62/366/1
f 25/86/107 22/367/107 737/174/107 37/87/107
f 98/105/2 2/106/2 731/368/2 768/369/2
f 765/273/108 767/272/108 732/370/108 728/371/108
f 21/372/109 28/373/109 38/90/109 735/89/109
f 62/366/1 59/365/1 68/374/1 70/375/1
f 61/361/2 69/376/2 67/377/2 60/362/2
f 61/356/3 62/355/3 70/378/3 69/379/3
f 68/380/110 67/381/110 69/379/110 70/378/110
f 74/382/111 73/383/111 72/384/111 71/385/111
f 71/385/112 72/384/112 76/386/112 75/387/112
f 75/387/113 76/386/113 78/388/113 77/389/113
f 77/389/114 78/388/114 80/390/114 79/391/114
f 79/391/115 80/390/115 82/392/115 81/393/115
f 81/393/116 82/392/116 84/394/116 83/395/116
f 83/395/117 84/394/117 86/396/117 85/397/117
f 85/397/118 86/396/118 88/398/118 87/399/118
f 87/399/119 88/398/119 90/400/119 89/401/119
f 89/401/120 90/400/120 92/402/120 91/403/120
f 91/403/121 92/402/121 94/404/121 93/405/121
f 93/405/122 94/404/122 96/406/122 95/407/122
f 72/408/2 94/409/2 92/410/2 90/411/2 88/412/2 86/413/2 84/414/2 82/415/2 80/416/2 78/417/2 76/418/2
f 73/419/123 96/420/123 94/409/123 72/408/123
f 71/421/124 93/422/124 95/423/124 74/424/124
f 75/425/1 77/426/1 79/427/1 81/428/1 83/429/1 85/430/1 87/431/1 89/432/1 91/433/1 93/422/1 71/421/1
f 26/66/1 25/177/1 543/434/1 557/67/1
f 28/373/125 545/435/125 744/208/125 38/90/125
f 560/37/126 570/36/126 582/436/126 573/437/126
f 555/438/127 752/255/127 750/254/127 545/435/127
f 20/112/1 572/439/1 513/51/1 12/50/1
f 737/440/128 22/441/128 1/442/128 729/443/128
f 13/44/10 531/110/10 762/72/10 99/71/10
f 15/74/129 536/73/129 588/182/129 24/146/129
f 527/45/2 98/105/2 768/369/2 725/444/2
f 530/49/6 534/48/6 759/156/6 761/155/6
f 533/55/9 14/53/9 100/56/9 758/148/9
f 527/45/2 13/44/2 99/71/2 98/105/2
f 728/445/130 732/446/130 64/447/130 65/448/130
f 101/300/90 776/449/90 778/450/90 777/451/90 779/452/90 781/453/90 780/454/90 102/301/90
f 464/455/131 471/456/131 779/457/131 777/458/131
f 474/127/132 5/28/132 8/39/132 494/38/132
f 488/120/133 468/124/133 473/123/133 495/121/133
f 5/28/132 470/27/132 492/40/132 8/39/132
f 118/459/134 117/460/134 111/461/134 110/462/134
f 146/463/135 144/464/135 124/465/135 150/466/135
f 126/467/136 125/468/136 147/469/136 148/470/136
f 142/471/137 140/472/137 122/473/137 123/474/137
f 124/465/138 123/475/138 105/476/138 104/477/138
f 128/478/139 127/479/139 125/468/139 126/467/139
f 150/466/140 124/465/140 104/477/140 103/480/140
f 145/481/90 147/482/90 125/483/90 127/484/90 129/485/90 131/486/90 133/487/90 135/488/90 137/489/90 139/490/90 141/491/90 143/492/90
f 130/493/141 129/494/141 127/479/141 128/478/141
f 128/478/142 126/467/142 115/495/142 116/496/142
f 132/497/134 131/498/134 129/499/134 130/500/134
f 132/497/143 130/500/143 117/460/143 118/459/143
f 123/474/144 122/473/144 106/501/144 105/502/144
f 134/503/145 133/504/145 131/498/145 132/497/145
f 136/505/146 134/503/146 119/506/146 120/507/146
f 121/508/147 120/507/147 108/509/147 107/510/147
f 136/505/148 135/511/148 133/504/148 134/503/148
f 126/467/149 148/470/149 149/512/149 115/495/149
f 119/506/145 118/459/145 110/462/145 109/513/145
f 138/514/147 137/515/147 135/511/147 136/505/147
f 140/472/150 138/514/150 121/508/150 122/473/150
f 115/495/136 149/512/136 113/516/136 114/517/136
f 140/472/151 139/518/151 137/515/151 138/514/151
f 144/464/152 142/519/152 123/475/152 124/465/152
f 117/520/141 116/496/141 112/521/141 111/522/141
f 142/471/144 141/523/144 139/518/144 140/472/144
f 130/493/153 128/478/153 116/496/153 117/520/153
f 149/512/154 150/466/154 103/480/154 113/516/154
f 144/464/138 143/524/138 141/525/138 142/519/138
f 134/503/155 132/497/155 118/459/155 119/506/155
f 116/496/139 115/495/139 114/517/139 112/521/139
f 146/463/140 145/526/140 143/524/140 144/464/140
f 138/514/156 136/505/156 120/507/156 121/508/156
f 120/507/148 119/506/148 109/513/148 108/509/148
f 148/470/154 147/469/154 145/526/154 146/463/154
f 148/470/157 146/463/157 150/466/157 149/512/157
f 122/473/151 121/508/151 107/510/151 106/501/151
f 198/527/136 151/528/136 173/529/136 187/530/136
f 197/531/139 153/532/139 151/528/139 198/527/139
f 164/533/147 180/534/147 181/535/147 162/536/147
f 196/537/141 155/538/141 153/532/141 197/531/141
f 195/539/134 157/540/134 155/541/134 196/542/134
f 194/543/145 159/544/145 157/540/145 195/539/145
f 193/545/148 161/546/148 159/544/148 194/543/148
f 192/547/147 163/548/147 161/546/147 193/545/147
f 191/549/151 165/550/151 163/548/151 192/547/151
f 190/551/144 167/552/144 165/550/144 191/549/144
f 189/553/138 169/554/138 167/555/138 190/556/138
f 188/557/140 171/558/140 169/554/140 189/553/140
f 187/530/154 173/529/154 171/558/154 188/557/154
f 166/559/151 179/560/151 180/534/151 164/533/151
f 168/561/144 178/562/144 179/560/144 166/559/144
f 170/563/138 177/564/138 178/565/138 168/566/138
f 172/567/140 176/568/140 177/564/140 170/563/140
f 174/569/154 175/570/154 176/568/154 172/567/154
f 162/536/148 181/535/148 182/571/148 160/572/148
f 160/572/145 182/571/145 183/573/145 158/574/145
f 158/574/134 183/573/134 184/575/134 156/576/134
f 156/577/141 184/578/141 185/579/141 154/580/141
f 154/580/139 185/579/139 186/581/139 152/582/139
f 152/582/136 186/581/136 175/570/136 174/569/136
f 175/570/158 187/530/158 188/557/158 176/568/158
f 176/568/159 188/557/159 189/553/159 177/564/159
f 177/564/160 189/553/160 190/556/160 178/565/160
f 178/562/161 190/551/161 191/549/161 179/560/161
f 179/560/162 191/549/162 192/547/162 180/534/162
f 180/534/163 192/547/163 193/545/163 181/535/163
f 181/535/164 193/545/164 194/543/164 182/571/164
f 182/571/165 194/543/165 195/539/165 183/573/165
f 183/573/166 195/539/166 196/542/166 184/575/166
f 184/578/167 196/537/167 197/531/167 185/579/167
f 185/579/168 197/531/168 198/527/168 186/581/168
f 186/581/169 198/527/169 187/530/169 175/570/169
f 159/583/148 161/584/148 204/585/148 203/586/148
f 157/587/145 159/583/145 203/586/145 202/588/145
f 155/589/134 157/587/134 202/588/134 201/590/134
f 153/591/141 155/592/141 201/593/141 200/594/141
f 167/595/170 169/596/170 210/597/170 209/598/170
f 151/599/139 153/591/139 200/594/139 199/600/139
f 171/601/170 173/602/170 212/603/170 211/604/170
f 173/605/136 151/599/136 199/600/136 205/606/136
f 161/607/170 163/608/170 207/609/170 206/610/170
f 206/611/171 207/612/171 214/613/171 213/614/171
f 210/615/172 211/616/172 218/617/172 217/618/172
f 209/619/173 210/615/173 217/618/173 216/620/173
f 211/616/174 212/621/174 219/622/174 218/617/174
f 208/623/175 209/624/175 216/625/175 215/626/175
f 207/612/176 208/623/176 215/626/176 214/613/176
f 163/608/170 165/627/170 208/628/170 207/609/170
f 213/629/90 214/630/90 215/631/90 216/632/90 217/633/90 218/634/90 219/635/90
f 169/596/170 171/601/170 211/604/170 210/597/170
f 204/585/177 161/584/177 206/611/177 213/614/177
f 165/627/170 167/595/170 209/598/170 208/628/170
f 173/605/178 205/606/178 219/622/178 212/621/178
f 219/635/179 205/636/179 204/637/179 213/629/179
f 205/636/180 199/638/180 200/639/180 201/640/180 202/641/180 203/642/180 204/637/180
f 220/643/170 221/644/170 223/645/170 222/646/170
f 222/647/1 223/648/1 227/649/1 226/650/1
f 226/651/90 227/652/90 225/653/90 224/654/90
f 224/655/2 225/656/2 221/657/2 220/658/2
f 222/646/3 226/651/3 224/654/3 220/643/3
f 228/659/90 229/660/90 231/661/90 230/662/90
f 230/663/1 231/664/1 235/665/1 234/666/1
f 234/667/181 235/668/181 233/669/181 232/670/181
f 232/671/2 233/672/2 229/673/2 228/674/2
f 230/662/6 234/667/6 232/670/6 228/659/6
f 249/675/182 250/676/182 245/677/182 246/678/182
f 250/676/183 251/679/183 244/680/183 245/677/183
f 259/681/136 258/682/136 280/683/136 281/684/136
f 259/681/184 281/684/184 248/685/184 283/686/184
f 282/687/185 283/686/185 236/688/185 237/689/185
f 261/690/139 260/691/139 258/682/139 259/681/139
f 251/692/186 252/693/186 243/694/186 244/695/186
f 280/696/187 258/697/187 296/698/187 307/699/187
f 263/700/141 262/701/141 260/691/141 261/690/141
f 271/702/188 269/703/188 254/704/188 253/705/188
f 265/706/134 264/707/134 262/708/134 263/709/134
f 281/684/189 279/710/189 249/675/189 248/685/189
f 254/704/190 255/711/190 240/712/190 241/713/190
f 267/714/145 266/715/145 264/707/145 265/706/145
f 261/690/191 259/681/191 283/686/191 282/687/191
f 257/716/192 282/687/192 237/689/192 238/717/192
f 269/703/148 268/718/148 266/715/148 267/714/148
f 267/714/193 265/706/193 256/719/193 255/711/193
f 248/685/194 249/675/194 246/678/194 247/720/194
f 271/702/147 270/721/147 268/718/147 269/703/147
f 269/703/195 267/714/195 255/711/195 254/704/195
f 263/700/196 261/690/196 282/687/196 257/716/196
f 273/722/151 272/723/151 270/721/151 271/702/151
f 273/722/197 271/702/197 253/705/197 252/693/197
f 252/693/198 253/705/198 242/724/198 243/694/198
f 275/725/144 274/726/144 272/723/144 273/722/144
f 275/725/199 273/722/199 252/693/199 251/692/199
f 256/719/200 257/727/200 238/728/200 239/729/200
f 277/730/138 276/731/138 274/732/138 275/733/138
f 279/710/201 277/730/201 250/676/201 249/675/201
f 244/695/144 243/694/144 291/734/144 292/735/144
f 279/710/140 278/736/140 276/731/140 277/730/140
f 265/706/202 263/709/202 257/727/202 256/719/202
f 253/705/203 254/704/203 241/713/203 242/724/203
f 281/684/154 280/683/154 278/736/154 279/710/154
f 277/730/204 275/733/204 251/679/204 250/676/204
f 283/686/205 248/685/205 247/720/205 236/688/205
f 255/711/206 256/719/206 239/729/206 240/712/206
f 284/737/170 295/738/170 294/739/170 293/740/170 292/741/170 291/742/170 290/743/170 289/744/170 288/745/170 287/746/170 286/747/170 285/748/170
f 243/694/151 242/724/151 290/749/151 291/734/151
f 242/724/147 241/713/147 289/750/147 290/749/147
f 241/713/148 240/712/148 288/751/148 289/750/148
f 236/688/136 247/720/136 295/752/136 284/753/136
f 237/689/139 236/688/139 284/753/139 285/754/139
f 238/717/141 237/689/141 285/754/141 286/755/141
f 245/677/138 244/680/138 292/756/138 293/757/138
f 240/712/145 239/729/145 287/758/145 288/751/145
f 247/720/154 246/678/154 294/759/154 295/752/154
f 239/729/134 238/728/134 286/760/134 287/758/134
f 246/678/140 245/677/140 293/757/140 294/759/140
f 296/698/139 297/761/139 309/762/139 308/763/139
f 276/764/207 278/765/207 306/766/207 305/767/207
f 272/768/208 274/769/208 304/770/208 303/771/208
f 268/772/209 270/773/209 302/774/209 301/775/209
f 264/776/210 266/777/210 300/778/210 299/779/210
f 260/780/211 262/781/211 298/782/211 297/761/211
f 274/783/212 276/764/212 305/767/212 304/784/212
f 270/773/213 272/768/213 303/771/213 302/774/213
f 266/777/214 268/772/214 301/775/214 300/778/214
f 262/785/215 264/776/215 299/779/215 298/786/215
f 278/765/216 280/696/216 307/699/216 306/766/216
f 258/697/217 260/780/217 297/761/217 296/698/217
f 318/787/90 319/788/90 308/789/90 309/790/90 310/791/90 311/792/90 312/793/90 313/794/90 314/795/90 315/796/90 316/797/90 317/798/90
f 303/771/144 304/770/144 316/799/144 315/800/144
f 300/778/148 301/775/148 313/801/148 312/802/148
f 297/761/141 298/782/141 310/803/141 309/762/141
f 304/784/138 305/767/138 317/804/138 316/805/138
f 301/775/147 302/774/147 314/806/147 313/801/147
f 298/786/134 299/779/134 311/807/134 310/808/134
f 305/767/140 306/766/140 318/809/140 317/804/140
f 307/699/136 296/698/136 308/763/136 319/810/136
f 302/774/151 303/771/151 315/800/151 314/806/151
f 299/779/145 300/778/145 312/802/145 311/807/145
f 306/766/154 307/699/154 319/810/154 318/809/154
f 344/811/170 347/812/170 323/813/170 322/814/170
f 348/815/218 351/816/218 325/817/218 324/818/218
f 353/819/219 346/820/219 321/821/219 329/822/219
f 359/823/220 353/819/220 329/822/220 337/824/220
f 336/825/2 337/824/2 329/822/2 321/821/2 320/826/2 324/818/2 325/817/2 335/827/2
f 351/816/221 355/828/221 335/827/221 325/817/221
f 355/828/222 357/829/222 336/825/222 335/827/222
f 357/829/223 359/823/223 337/824/223 336/825/223
f 328/830/1 330/831/1 331/832/1 332/833/1 327/834/1 326/835/1 322/814/1 323/813/1
f 362/836/170 361/837/170 339/838/170 338/839/170
f 338/840/1 339/841/1 420/842/1 416/843/1
f 364/844/90 367/845/90 341/846/90 340/847/90
f 340/847/2 341/846/2 421/848/2 419/849/2
f 363/850/3 422/851/3 419/852/3 334/853/3
f 367/854/6 418/855/6 421/856/6 341/857/6
f 331/832/223 330/831/223 358/858/223 356/859/223
f 332/833/222 331/832/222 356/859/222 354/860/222
f 327/834/221 332/833/221 354/860/221 350/861/221
f 330/831/220 328/830/220 352/862/220 358/858/220
f 328/830/219 323/813/219 347/812/219 352/862/219
f 326/835/218 327/834/218 350/861/218 349/863/218
f 320/826/170 321/821/170 346/820/170 345/864/170
f 348/815/1 345/864/1 346/820/1 353/819/1 359/823/1 357/829/1 355/828/1 351/816/1
f 349/863/2 350/861/2 354/860/2 356/859/2 358/858/2 352/862/2 347/812/2 344/811/2
f 422/865/1 418/866/1 367/845/1 364/844/1
f 338/839/3 416/867/3 417/868/3 362/836/3
f 342/869/90 343/870/90 366/871/90 365/872/90
f 362/873/3 417/874/3 422/865/3 363/875/3
f 334/853/170 333/876/170 360/877/170 363/850/170
f 361/878/170 362/873/170 363/875/170 360/879/170
f 360/877/224 333/876/224 429/880/224 424/881/224
f 395/882/2 368/883/2 415/884/2 413/885/2 411/886/2 409/887/2 407/888/2 405/889/2 403/890/2 401/891/2 399/892/2 397/893/2
f 370/894/225 371/895/225 373/896/225 372/897/225
f 423/898/226 420/899/226 431/900/226 430/901/226
f 410/902/227 411/903/227 413/904/227 412/905/227
f 372/897/228 373/896/228 375/906/228 374/907/228
f 419/852/3 422/851/3 364/908/3 340/909/3
f 408/910/229 409/911/229 411/903/229 410/902/229
f 374/907/230 375/906/230 377/912/230 376/913/230
f 419/849/2 421/848/2 333/914/2 334/915/2
f 406/916/231 407/917/231 409/911/231 408/910/231
f 376/913/232 377/912/232 379/918/232 378/919/232
f 417/868/3 416/867/3 342/920/3 365/921/3
f 404/922/233 405/923/233 407/917/233 406/916/233
f 378/919/234 379/918/234 381/924/234 380/925/234
f 343/926/6 420/899/6 423/898/6 366/927/6
f 402/928/235 403/929/235 405/923/235 404/922/235
f 380/925/235 381/924/235 383/930/235 382/931/235
f 417/874/90 423/932/90 418/866/90 422/865/90
f 400/933/234 401/934/234 403/929/234 402/928/234
f 382/931/233 383/930/233 385/935/233 384/936/233
f 423/932/2 417/874/2 365/872/2 366/871/2
f 398/937/232 399/938/232 401/934/232 400/933/232
f 384/936/231 385/935/231 387/939/231 386/940/231
f 369/941/1 394/942/1 396/943/1 398/944/1 400/945/1 402/946/1 404/947/1 406/948/1 408/949/1 410/950/1 412/951/1 414/952/1
f 396/953/230 397/954/230 399/938/230 398/937/230
f 386/940/229 387/939/229 389/955/229 388/956/229
f 414/957/236 415/958/236 368/959/236 369/960/236
f 394/961/228 395/962/228 397/954/228 396/953/228
f 388/956/227 389/955/227 391/963/227 390/964/227
f 373/965/2 371/966/2 393/967/2 391/968/2 389/969/2 387/970/2 385/971/2 383/972/2 381/973/2 379/974/2 377/975/2 375/976/2
f 369/960/225 368/959/225 395/962/225 394/961/225
f 390/964/237 391/963/237 393/977/237 392/978/237
f 416/843/1 420/842/1 343/870/1 342/869/1
f 412/905/237 413/904/237 415/958/237 414/957/237
f 392/978/236 393/977/236 371/895/236 370/894/236
f 370/979/1 372/980/1 374/981/1 376/982/1 378/983/1 380/984/1 382/985/1 384/986/1 386/987/1 388/988/1 390/989/1 392/990/1
f 339/838/224 361/837/224 426/991/224 427/992/224
f 429/993/2 428/994/2 436/995/2 437/996/2
f 428/997/238 425/998/238 433/999/238 436/1000/238
f 361/878/170 360/879/170 440/1001/170 441/1002/170
f 420/842/1 339/841/1 427/1003/1 431/1004/1
f 443/1005/90 442/1006/90 444/1007/90
f 421/856/226 418/855/226 425/998/226 428/997/226
f 333/914/2 421/848/2 428/994/2 429/993/2
f 423/932/239 361/878/239 441/1002/239 442/1006/239
f 436/1000/240 433/999/240 432/1008/240 437/1009/240
f 438/1010/240 439/1011/240 435/1012/240 434/1013/240
f 432/1014/1 433/1015/1 425/1016/1 418/866/1 360/879/1 424/1017/1
f 426/1018/2 361/878/2 423/932/2 430/1019/2 438/1020/2 434/1021/2
f 430/901/238 431/900/238 439/1011/238 438/1010/238
f 431/1004/1 427/1003/1 435/1022/1 439/1023/1
f 424/881/241 429/880/241 437/1009/241 432/1008/241
f 427/992/241 426/991/241 434/1013/241 435/1012/241
f 360/879/242 418/866/242 443/1005/242 440/1001/242
f 418/866/243 423/932/243 442/1006/243 443/1005/243
f 440/1001/244 443/1005/244 444/1007/244 445/1024/244
f 441/1002/170 440/1001/170 445/1024/170
f 442/1006/245 441/1002/245 445/1024/245 444/1007/245
f 454/1025/1 455/1026/1 448/1027/1 452/1028/1 450/1029/1
f 458/1030/246 447/1031/246 446/1032/246 459/1033/246
f 449/1034/2 456/1035/2 457/1036/2 451/1037/2 453/1038/2
f 448/1039/170 449/1040/170 453/1041/170 452/1042/170
f 455/1043/3 456/1044/3 449/1040/3 448/1039/3
f 454/1045/247 457/1046/247 456/1044/247 455/1043/247
f 454/1045/248 450/1047/248 451/1048/248 457/1046/248
f 447/1049/1 458/1050/1 462/1051/1 461/1052/1
f 459/1053/2 446/1054/2 460/1055/2 463/1056/2
f 460/1057/249 461/1058/249 462/1059/249 463/1060/249
f 458/1030/3 459/1033/3 463/1060/3 462/1059/3
f 501/119/250 479/34/250 481/1061/250 502/1062/250
f 502/1063/251 481/1064/251 480/32/251 500/33/251
f 504/25/252 482/115/252 484/1065/252 505/1066/252
f 505/1067/253 484/1068/253 483/134/253 503/41/253
f 495/121/254 473/123/254 475/1069/254 496/1070/254
f 496/1071/255 475/1072/255 474/127/255 494/38/255
f 498/23/256 464/455/256 466/1073/256 499/1074/256
f 499/1075/257 466/1076/257 465/19/257 497/31/257
f 468/124/258 488/120/258 490/1077/258 469/1078/258
f 469/1079/259 490/1080/259 489/13/259 467/16/259
f 471/456/260 491/26/260 493/1081/260 472/1082/260
f 472/1083/261 493/1084/261 492/40/261 470/27/261
f 507/122/262 495/121/262 496/1070/262 508/1085/262
f 508/1086/263 496/1071/263 494/38/263 506/5/263
f 510/24/264 498/23/264 499/1074/264 511/1087/264
f 511/1088/265 499/1075/265 497/31/265 509/3/265
f 488/120/266 501/119/266 502/1062/266 490/1077/266
f 490/1080/267 502/1063/267 500/33/267 489/13/267
f 491/26/268 504/25/268 505/1066/268 493/1081/268
f 493/1084/269 505/1067/269 503/41/269 492/40/269
f 486/35/270 507/122/270 508/1085/270 487/1089/270
f 487/1090/271 508/1086/271 506/5/271 485/8/271
f 477/116/272 510/24/272 511/1087/272 478/1091/272
f 478/1092/273 511/1088/273 509/3/273 476/2/273
f 573/9/274 512/12/274 514/1093/274 574/1094/274
f 574/1095/275 514/1096/275 513/51/275 572/439/275
f 564/117/276 477/116/276 478/1091/276 565/1097/276
f 565/1098/277 478/1092/277 476/2/277 563/133/277
f 576/60/278 518/46/278 520/1099/278 577/1100/278
f 577/1101/279 520/1102/279 519/64/279 575/63/279
f 570/36/280 486/35/280 487/1089/280 571/1103/280
f 571/1104/281 487/1090/281 485/8/281 569/132/281
f 512/12/282 524/22/282 526/1105/282 514/1093/282
f 514/1096/283 526/1106/283 525/52/283 513/51/283
f 534/48/284 521/47/284 523/1107/284 535/1108/284
f 535/1109/285 523/1110/285 522/54/285 533/55/285
f 516/42/286 527/45/286 529/1111/286 517/1112/286
f 517/1113/287 529/1114/287 528/21/287 515/11/287
f 531/110/288 519/64/288 520/1102/288 532/1115/288
f 532/1116/289 520/1099/289 518/46/289 530/49/289
f 759/156/290 534/48/290 535/1108/290 760/1117/290
f 760/1118/291 535/1109/291 533/55/291 758/148/291
f 762/72/292 531/110/292 532/1115/292 763/1119/292
f 763/1120/293 532/1116/293 530/49/293 761/155/293
f 555/1121/294 548/1122/294 550/1123/294 556/1124/294
f 556/1125/295 550/1126/295 549/82/295 554/83/295
f 603/65/296 551/68/296 553/1127/296 604/1128/296
f 604/1129/297 553/1130/297 552/81/297 602/80/297
f 588/182/298 536/73/298 538/1131/298 589/1132/298
f 589/1133/299 538/1134/299 537/75/299 587/78/299
f 551/1135/300 557/1136/300 559/1137/300 553/1138/300
f 553/1130/301 559/1139/301 558/84/301 552/81/301
f 479/34/302 560/37/302 562/1140/302 481/1061/302
f 481/1064/303 562/1141/303 561/113/303 480/32/303
f 579/144/304 564/117/304 565/1097/304 580/1142/304
f 580/1143/305 565/1098/305 563/133/305 578/141/305
f 482/115/306 566/118/306 568/1144/306 484/1065/306
f 484/1068/307 568/1145/307 567/135/307 483/134/307
f 582/436/308 570/36/308 571/1103/308 583/1146/308
f 583/1147/309 571/1104/309 569/132/309 581/143/309
f 560/37/310 573/437/310 574/1148/310 562/1140/310
f 562/1141/311 574/1149/311 572/142/311 561/113/311
f 566/118/312 576/145/312 577/1150/312 568/1144/312
f 568/1145/313 577/1151/313 575/136/313 567/135/313
f 521/47/314 579/61/314 580/1152/314 523/1107/314
f 523/1110/315 580/1153/315 578/111/315 522/54/315
f 515/11/316 582/10/316 583/1154/316 517/1113/316
f 517/1112/317 583/1155/317 581/107/317 516/42/317
f 540/149/318 584/138/318 586/1156/318 541/1157/318
f 541/1158/319 586/1159/319 585/77/319 539/76/319
f 606/98/320 588/182/320 589/1132/320 607/1160/320
f 607/1161/321 589/1133/321 587/78/321 605/79/321
f 612/165/322 600/164/322 601/1162/322 613/1163/322
f 613/1164/323 601/1165/323 599/92/323 611/91/323
f 735/286/324 599/1166/324 601/1167/324 736/1168/324
f 736/1169/325 601/1162/325 600/164/325 734/168/325
f 741/88/326 590/159/326 592/1170/326 742/1171/326
f 742/1172/327 592/1173/327 591/179/327 740/207/327
f 744/208/328 545/435/328 547/1174/328 745/1175/328
f 745/1176/329 547/1177/329 546/109/329 743/206/329
f 584/138/330 603/65/330 604/1128/330 586/1156/330
f 586/1159/331 604/1129/331 602/80/331 585/77/331
f 548/99/332 606/98/332 607/1160/332 550/1178/332
f 550/1126/333 607/1161/333 605/79/333 549/82/333
f 597/163/334 608/166/334 610/1179/334 598/1180/334
f 598/1181/335 610/1182/335 609/160/335 596/175/335
f 621/191/336 614/209/336 616/1183/336 622/1184/336
f 622/1185/337 616/1186/337 615/184/337 620/183/337
f 618/210/338 624/190/338 625/1187/338 619/1188/338
f 619/1189/339 625/1190/339 623/217/339 617/187/339
f 639/171/340 623/217/340 625/1190/340 640/1191/340
f 640/1192/341 625/1187/341 624/190/341 638/172/341
f 642/161/342 609/160/342 610/1182/342 643/1193/342
f 643/1194/343 610/1179/343 608/166/343 641/173/343
f 645/180/344 591/179/344 592/1173/344 646/1195/344
f 646/1196/345 592/1170/345 590/159/345 644/162/345
f 630/103/346 749/102/346 751/1197/346 631/1198/346
f 631/1199/347 751/1200/347 750/254/347 629/198/347
f 747/101/348 626/104/348 628/1201/348 748/1202/348
f 748/1203/349 628/1204/349 627/203/349 746/269/349
f 756/268/350 632/202/350 634/1205/350 757/1206/350
f 757/1207/351 634/1208/351 633/258/351 755/94/351
f 753/95/352 635/259/352 637/1209/352 754/1210/352
f 754/1211/353 637/1212/353 636/256/353 752/255/353
f 611/91/354 639/171/354 640/1191/354 613/1164/354
f 613/1163/355 640/1192/355 638/172/355 612/165/355
f 620/183/356 642/161/356 643/1193/356 622/1185/356
f 622/1184/357 643/1194/357 641/173/357 621/191/357
f 594/178/358 647/181/358 649/1213/358 595/1214/358
f 595/1215/359 649/1216/359 648/170/359 593/169/359
f 647/181/360 656/201/360 658/1217/360 649/1213/360
f 649/1216/361 658/1218/361 657/188/361 648/170/361
f 654/211/362 618/210/362 619/1188/362 655/1219/362
f 655/1220/363 619/1189/363 617/187/363 653/189/363
f 614/209/364 650/212/364 652/1221/364 616/1183/364
f 616/1186/365 652/1222/365 651/185/365 615/184/365
f 660/200/366 645/180/366 646/1195/366 661/1223/366
f 661/1224/367 646/1196/367 644/162/367 659/186/367
f 659/186/368 671/225/368 673/1225/368 661/1224/368
f 661/1223/369 673/1226/369 672/220/369 660/200/369
f 669/222/370 657/188/370 658/1218/370 670/1227/370
f 670/1228/371 658/1217/371 656/201/371 668/221/371
f 666/214/372 654/211/372 655/1219/372 667/1229/372
f 667/1230/373 655/1220/373 653/189/373 665/223/373
f 650/212/374 662/213/374 664/1231/374 652/1221/374
f 652/1222/375 664/1232/375 663/224/375 651/185/375
f 671/225/376 683/233/376 685/1233/376 673/1225/376
f 673/1226/377 685/1234/377 684/230/377 672/220/377
f 681/227/378 669/222/378 670/1227/378 682/1235/378
f 682/1236/379 670/1228/379 668/221/379 680/231/379
f 678/215/380 666/214/380 667/1229/380 679/1237/380
f 679/1238/381 667/1230/381 665/223/381 677/226/381
f 662/213/382 674/216/382 676/1239/382 664/1231/382
f 664/1232/383 676/1240/383 675/232/383 663/224/383
f 674/216/384 686/219/384 688/1241/384 676/1239/384
f 676/1240/385 688/1242/385 687/235/385 675/232/385
f 696/240/386 684/230/386 685/1234/386 697/1243/386
f 697/1244/387 685/1233/387 683/233/387 695/234/387
f 677/226/388 689/229/388 691/1245/388 679/1238/388
f 679/1237/389 691/1246/389 690/218/389 678/215/389
f 693/228/390 681/227/390 682/1235/390 694/1247/390
f 694/1248/391 682/1236/391 680/231/391 692/241/391
f 689/229/392 708/261/392 709/1249/392 691/1245/392
f 691/1246/393 709/1250/393 707/238/393 690/218/393
f 704/236/394 687/235/394 688/1242/394 706/1251/394
f 706/1252/395 688/1241/395 686/219/395 705/239/395
f 635/259/396 702/1253/396 703/1254/396 637/1209/396
f 637/1212/397 703/1255/397 701/257/397 636/256/397
f 632/202/398 699/205/398 700/1256/398 634/1205/398
f 634/1208/399 700/1257/399 698/1258/399 633/258/399
f 717/251/400 696/240/400 697/1243/400 718/1259/400
f 718/1260/401 697/1244/401 695/234/401 716/270/401
f 714/157/402 630/103/402 631/1198/402 715/1261/402
f 715/1262/403 631/1199/403 629/198/403 713/197/403
f 626/104/404 710/158/404 712/1263/404 628/1201/404
f 628/1204/405 712/1264/405 711/262/405 627/203/405
f 720/250/406 714/253/406 715/1265/406 721/1266/406
f 721/1267/407 715/1262/407 713/197/407 719/275/407
f 710/252/408 717/251/408 718/1259/408 712/1268/408
f 712/1264/409 718/1260/409 716/270/409 711/262/409
f 692/241/410 720/250/410 721/1266/410 694/1248/410
f 694/1247/411 721/1267/411 719/275/411 693/228/411
f 765/273/412 728/371/412 730/1269/412 766/1270/412
f 766/1271/413 730/1272/413 729/284/413 764/70/413
f 768/369/414 731/368/414 733/1273/414 769/1274/414
f 769/1275/415 733/1276/415 732/370/415 767/272/415
f 527/45/416 725/444/416 727/1277/416 529/1111/416
f 529/1114/417 727/1278/417 726/129/417 528/21/417
f 722/69/418 525/52/418 526/1106/418 724/1279/418
f 724/1280/419 526/1105/419 524/22/419 723/130/419
f 596/1281/420 737/440/420 739/1282/420 598/1283/420
f 598/1180/421 739/1284/421 738/167/421 597/163/421
f 543/85/422 741/88/422 742/1171/422 544/1285/422
f 544/1286/423 742/1172/423 740/207/423 542/108/423
f 593/169/424 744/208/424 745/1175/424 595/1215/424
f 595/1214/425 745/1176/425 743/206/425 594/178/425
f 734/168/426 732/1287/426 733/1288/426 736/1169/426
f 736/1168/427 733/1289/427 731/287/427 735/286/427
f 737/440/428 729/443/428 730/1290/428 739/1282/428
f 739/1284/429 730/1291/429 728/1292/429 738/167/429
f 746/269/430 543/85/430 544/1285/430 748/1203/430
f 748/1202/431 544/1286/431 542/108/431 747/101/431
f 545/435/432 750/254/432 751/1200/432 547/1174/432
f 547/1177/433 751/1197/433 749/102/433 546/109/433
f 752/255/434 555/438/434 556/1293/434 754/1211/434
f 754/1210/435 556/1294/435 554/96/435 753/95/435
f 755/94/436 558/93/436 559/1295/436 757/1207/436
f 757/1206/437 559/1296/437 557/306/437 756/268/437
f 539/76/438 759/156/438 760/1117/438 541/1158/438
f 541/1157/439 760/1118/439 758/148/439 540/149/439
f 536/73/440 762/72/440 763/1119/440 538/1131/440
f 538/1134/441 763/1120/441 761/155/441 537/75/441
f 723/130/442 765/273/442 766/1270/442 724/1280/442
f 724/1279/443 766/1271/443 764/70/443 722/69/443
f 725/444/444 768/369/444 769/1274/444 727/1277/444
f 727/1278/445 769/1275/445 767/272/445 726/129/445
f 779/457/446 471/456/446 472/1082/446 781/1297/446
f 781/1298/447 472/1083/447 470/27/447 780/30/447
f 776/20/448 465/19/448 466/1076/448 778/1299/448
f 778/1300/449 466/1073/449 464/455/449 777/458/449
f 473/123/450 774/126/450 775/1301/450 475/1069/450
f 475/1072/451 775/1302/451 773/128/451 474/127/451
f 770/125/452 468/124/452 469/1078/452 772/1303/452
f 772/1304/453 469/1079/453 467/16/453 771/18/453
f 464/455/454 498/23/454 491/26/454 471/456/454
o CheekPad_Cube.001
v -2.012426 0.501128 0.029083
v -2.004857 0.572057 0.029083
v -2.012426 0.501128 -0.029083
v -2.004857 0.572057 -0.029083
v -1.626359 0.501128 0.022505
v -1.629261 0.567011 0.022505
v -1.626359 0.501128 -0.022505
v -1.629261 0.567011 -0.022505
v -1.970230 0.488413 -0.047496
v -1.970230 0.599810 -0.034751
v -1.970230 0.488413 0.047496
v -1.970230 0.599810 0.034751
v -1.660907 0.584672 -0.029083
v -1.658006 0.488413 0.039750
v -1.658006 0.488413 -0.039749
v -1.660907 0.584672 0.029083
v -2.009004 0.533197 0.035498
v -2.009004 0.533197 -0.039136
v -1.627671 0.530916 -0.027468
v -1.627671 0.530916 0.027469
v -1.970230 0.545745 0.048760
v -1.970230 0.545745 -0.046941
v -1.659317 0.538901 0.040956
v -1.659317 0.538901 -0.039136
vt 0.741507 0.047347
vt 0.734879 0.065118
vt 0.674728 0.065084
vt 0.664374 0.047247
vt 0.755668 0.052939
vt 0.742819 0.079316
vt 0.734447 0.068672
vt 0.740703 0.048823
vt 0.678220 0.068732
vt 0.671966 0.048829
vt 0.755648 0.052456
vt 0.740880 0.078410
vt 0.756288 0.024244
vt 0.734443 0.032438
vt 0.678234 0.032466
vt 0.656391 0.024244
vt 0.668747 0.078345
vt 0.981784 0.005495
vt 1.000507 0.078277
vt 0.770925 0.078277
vt 0.789648 0.005495
vt 0.674836 0.032852
vt 0.655533 0.025410
vt 0.754088 0.025410
vt 0.734799 0.032824
vt 0.985211 0.038139
vt 0.993861 0.077836
vt 0.778018 0.076340
vt 0.767624 0.029526
vt 0.655922 0.052860
vt 0.669848 0.079339
vt 0.654684 0.052834
vt 0.987685 0.005543
vt 0.971428 0.074114
vt 0.804596 0.074114
vt 0.788338 0.005543
vt 0.770891 0.053059
vt 0.779939 0.008565
vt 0.988289 0.006520
vt 0.981155 0.043618
vt 0.779068 0.080348
vt 0.988289 0.067692
vt 0.993861 0.015535
vt 0.777148 0.003792
vn -0.9944 0.1061 0.0000
vn 0.3399 0.1824 -0.9226
vn 0.9990 0.0440 0.0000
vn -0.3533 0.2158 0.9103
vn 0.3728 -0.9279 0.0000
vn -0.6254 0.7803 0.0000
vn 0.0489 0.9988 0.0000
vn -0.2885 -0.9575 0.0000
vn 0.0299 0.2513 0.9675
vn -0.2987 0.2347 -0.9250
vn 0.3691 0.2009 0.9074
vn 0.4873 0.8732 0.0000
vn 0.0000 -1.0000 0.0000
vn 0.0289 0.2178 -0.9756
vn 0.0251 0.0111 -0.9996
vn 0.4394 -0.0546 0.8966
vn -0.3070 -0.0889 -0.9475
vn 0.0247 -0.0226 0.9994
vn -0.3636 -0.0659 0.9292
vn 0.4174 -0.0356 -0.9080
usemtl Material
s off
f 798/1305/455 783/1306/455 785/1307/455 799/1308/455
f 805/1309/456 794/1310/456 789/1311/456 800/1312/456
f 800/1312/457 789/1311/457 787/1313/457 801/1314/457
f 802/1315/458 793/1316/458 783/1306/458 798/1305/458
f 796/1317/459 788/1318/459 786/1319/459 795/1320/459
f 791/1321/460 785/1307/460 783/1306/460 793/1316/460
f 794/1322/461 791/1323/461 793/1324/461 797/1325/461
f 784/1326/462 790/1327/462 792/1328/462 782/1329/462
f 804/1330/463 797/1331/463 793/1332/463 802/1333/463
f 799/1308/464 785/1307/464 791/1321/464 803/1334/464
f 801/1314/465 787/1313/465 797/1335/465 804/1336/465
f 789/1311/466 794/1310/466 797/1335/466 787/1313/466
f 790/1337/467 796/1338/467 795/1339/467 792/1340/467
f 803/1341/468 791/1342/468 794/1343/468 805/1344/468
f 790/1345/469 803/1341/469 805/1344/469 796/1346/469
f 786/1319/470 801/1314/470 804/1336/470 795/1320/470
f 784/1326/471 799/1308/471 803/1334/471 790/1327/471
f 795/1347/472 804/1330/472 802/1333/472 792/1348/472
f 792/1328/473 802/1315/473 798/1305/473 782/1329/473
f 788/1318/457 800/1312/457 801/1314/457 786/1319/457
f 796/1317/474 805/1309/474 800/1312/474 788/1318/474
f 782/1329/455 798/1305/455 799/1308/455 784/1326/455
o Scope_Cylinder
v -0.983000 0.730000 -0.035825
v -0.400814 0.730000 -0.052000
v -0.983000 0.717747 -0.033664
v -0.400814 0.712215 -0.048864
v -0.983000 0.706972 -0.027443
v -0.400814 0.696575 -0.039834
v -0.983000 0.698975 -0.017912
v -0.400814 0.684967 -0.026000
v -0.983000 0.694720 -0.006221
v -0.400814 0.678790 -0.009030
v -0.983000 0.694720 0.006221
v -0.400814 0.678790 0.009030
v -0.983000 0.698975 0.017912
v -0.400814 0.684967 0.026000
v -0.983000 0.706972 0.027443
v -0.400814 0.696575 0.039834
v -0.983000 0.717747 0.033664
v -0.400814 0.712215 0.048864
v -0.983000 0.730000 0.035825
v -0.400814 0.730000 0.052000
v -0.983000 0.742253 0.033664
v -0.400814 0.747785 0.048864
v -0.983000 0.753028 0.027443
v -0.400814 0.763425 0.039834
v -0.983000 0.761025 0.017912
v -0.400814 0.775033 0.026000
v -0.983000 0.765280 0.006221
v -0.400814 0.781210 0.009030
v -0.983000 0.765280 -0.006221
v -0.400814 0.781210 -0.009030
v -0.983000 0.761025 -0.017912
v -0.400814 0.775033 -0.026000
v -0.983000 0.753028 -0.027443
v -0.400814 0.763425 -0.039834
v -0.983000 0.742253 -0.033664
v -0.400814 0.747785 -0.048864
v -0.983000 0.730000 -0.052000
v -0.983000 0.712215 -0.048864
v -0.983000 0.696575 -0.039834
v -0.983000 0.684967 -0.026000
v -0.983000 0.678790 -0.009030
v -0.983000 0.678790 0.009030
v -0.983000 0.684967 0.026000
v -0.983000 0.696575 0.039834
v -0.983000 0.712215 0.048864
v -0.983000 0.730000 0.052000
v -0.983000 0.747785 0.048864
v -0.983000 0.763425 0.039834
v -0.983000 0.775033 0.026000
v -0.983000 0.781210 0.009030
v -0.983000 0.781210 -0.009030
v -0.983000 0.775033 -0.026000
v -0.983000 0.763425 -0.039834
v -0.983000 0.747785 -0.048864
v -1.080308 0.730000 -0.035825
v -1.080308 0.717747 -0.033664
v -1.080308 0.706972 -0.027443
v -1.080308 0.698975 -0.017912
v -1.080308 0.694720 -0.006221
v -1.080308 0.694720 0.006221
v -1.080308 0.698975 0.017912
v -1.080308 0.706972 0.027443
v -1.080308 0.717747 0.033664
v -1.080308 0.730000 0.035825
v -1.080308 0.742253 0.033664
v -1.080308 0.753028 0.027443
v -1.080308 0.761025 0.017912
v -1.080308 0.765280 0.006221
v -1.080308 0.765280 -0.006221
v -1.080308 0.761025 -0.017912
v -1.080308 0.753028 -0.027443
v -1.080308 0.742253 -0.033664
v -1.193312 0.730000 -0.068639
v -1.193312 0.706524 -0.064500
v -1.193312 0.685880 -0.052581
v -1.193312 0.670557 -0.034320
v -1.193312 0.662404 -0.011919
v -1.193312 0.662404 0.011919
v -1.193312 0.670557 0.034320
v -1.193312 0.685880 0.052581
v -1.193312 0.706524 0.064500
v -1.193312 0.730000 0.068639
v -1.193312 0.753476 0.064500
v -1.193312 0.774120 0.052581
v -1.193312 0.789443 0.034320
v -1.193312 0.797596 0.011919
v -1.193312 0.797596 -0.011919
v -1.193312 0.789443 -0.034320
v -1.193312 0.774120 -0.052581
v -1.193312 0.753476 -0.064500
v -1.394207 0.730000 -0.045965
v -1.394207 0.714279 -0.043193
v -1.394207 0.700454 -0.035211
v -1.394207 0.690193 -0.022983
v -1.394207 0.684733 -0.007982
v -1.394207 0.684733 0.007982
v -1.394207 0.690193 0.022983
v -1.394207 0.700454 0.035211
v -1.394207 0.714279 0.043193
v -1.394207 0.730000 0.045965
v -1.394207 0.745721 0.043193
v -1.394207 0.759546 0.035211
v -1.394207 0.769807 0.022983
v -1.394207 0.775267 0.007982
v -1.394207 0.775267 -0.007982
v -1.394207 0.769807 -0.022983
v -1.394207 0.759546 -0.035211
v -1.394207 0.745721 -0.043193
v -1.441291 0.730000 -0.066988
v -1.441291 0.707089 -0.062948
v -1.441291 0.686941 -0.051316
v -1.441291 0.671987 -0.033494
v -1.441291 0.664030 -0.011632
v -1.441291 0.664030 0.011632
v -1.441291 0.671987 0.033494
v -1.441291 0.686941 0.051316
v -1.441291 0.707089 0.062948
v -1.441291 0.730000 0.066988
v -1.441291 0.752911 0.062948
v -1.441291 0.773059 0.051316
v -1.441291 0.788013 0.033494
v -1.441291 0.795970 0.011632
v -1.441291 0.795970 -0.011632
v -1.441291 0.788013 -0.033494
v -1.441291 0.773059 -0.051316
v -1.441291 0.752911 -0.062948
v -1.404182 0.730000 -0.033855
v -1.404182 0.718421 -0.031814
v -1.404182 0.708238 -0.025935
v -1.404182 0.700680 -0.016928
v -1.404182 0.696659 -0.005879
v -1.404182 0.696659 0.005879
v -1.404182 0.700680 0.016928
v -1.404182 0.708238 0.025935
v -1.404182 0.718421 0.031814
v -1.404182 0.730000 0.033855
v -1.404182 0.741579 0.031814
v -1.404182 0.751762 0.025935
v -1.404182 0.759319 0.016928
v -1.404182 0.763341 0.005879
v -1.404182 0.763341 -0.005879
v -1.404182 0.759319 -0.016928
v -1.404182 0.751762 -0.025935
v -1.404182 0.741579 -0.031814
v -1.455731 0.730000 -0.063256
v -1.455731 0.708365 -0.059441
v -1.455731 0.689340 -0.048457
v -1.455731 0.675219 -0.031628
v -1.455731 0.667705 -0.010984
v -1.455731 0.667705 0.010984
v -1.455731 0.675219 0.031628
v -1.455731 0.689340 0.048457
v -1.455731 0.708365 0.059441
v -1.455731 0.730000 0.063256
v -1.455731 0.751635 0.059441
v -1.455731 0.770660 0.048457
v -1.455731 0.784781 0.031628
v -1.455731 0.792295 0.010984
v -1.455731 0.792295 -0.010984
v -1.455731 0.784781 -0.031628
v -1.455731 0.770660 -0.048457
v -1.455731 0.751635 -0.059441
v -0.834446 0.734610 -0.044277
v -0.834446 0.807716 -0.034713
v -0.819302 0.734610 -0.041607
v -0.822573 0.807716 -0.032620
v -0.805985 0.734610 -0.033918
v -0.812133 0.807716 -0.026592
v -0.796101 0.734610 -0.022139
v -0.804383 0.807716 -0.017357
v -0.790841 0.734610 -0.007689
v -0.800260 0.807716 -0.006028
v -0.790841 0.734610 0.007689
v -0.800260 0.807716 0.006028
v -0.796101 0.734610 0.022139
v -0.804383 0.807716 0.017357
v -0.805985 0.734610 0.033918
v -0.812133 0.807716 0.026592
v -0.819302 0.734610 0.041607
v -0.822573 0.807716 0.032620
v -0.834446 0.734610 0.044277
v -0.834446 0.807716 0.034713
v -0.849590 0.734610 0.041607
v -0.846319 0.807716 0.032620
v -0.862907 0.734610 0.033918
v -0.856759 0.807716 0.026592
v -0.872791 0.734610 0.022139
v -0.864509 0.807716 0.017357
v -0.878051 0.734610 0.007689
v -0.868632 0.807716 0.006028
v -0.878051 0.734610 -0.007689
v -0.868632 0.807716 -0.006028
v -0.872791 0.734610 -0.022139
v -0.864509 0.807716 -0.017357
v -0.862907 0.734610 -0.033918
v -0.856759 0.807716 -0.026592
v -0.849590 0.734610 -0.041607
v -0.846319 0.807716 -0.032620
v -0.819302 0.807716 -0.041607
v -0.834446 0.807716 -0.044277
v -0.805985 0.807716 -0.033918
v -0.796101 0.807716 -0.022139
v -0.790841 0.807716 -0.007689
v -0.790841 0.807716 0.007689
v -0.796101 0.807716 0.022139
v -0.805985 0.807716 0.033918
v -0.819302 0.807716 0.041607
v -0.834446 0.807716 0.044277
v -0.849590 0.807716 0.041607
v -0.862907 0.807716 0.033918
v -0.872791 0.807716 0.022139
v -0.878051 0.807716 0.007689
v -0.878051 0.807716 -0.007689
v -0.872791 0.807716 -0.022139
v -0.862907 0.807716 -0.033918
v -0.849590 0.807716 -0.041607
v -0.822573 0.848014 -0.032620
v -0.834446 0.848014 -0.034713
v -0.812132 0.848014 -0.026592
v -0.804383 0.848014 -0.017357
v -0.800260 0.848014 -0.006028
v -0.800260 0.848014 0.006028
v -0.804383 0.848014 0.017357
v -0.812133 0.848014 0.026592
v -0.822573 0.848014 0.032620
v -0.834446 0.848014 0.034713
v -0.846319 0.848014 0.032620
v -0.856759 0.848014 0.026592
v -0.864509 0.848014 0.017357
v -0.868632 0.848014 0.006028
v -0.868632 0.848014 -0.006028
v -0.864509 0.848014 -0.017357
v -0.856759 0.848014 -0.026592
v -0.846319 0.848014 -0.032620
v -0.834446 0.757941 0.009559
v -0.834446 0.748377 0.082665
v -0.819302 0.755270 0.009559
v -0.822573 0.746283 0.082665
v -0.805985 0.747582 0.009559
v -0.812133 0.740255 0.082665
v -0.796101 0.735802 0.009559
v -0.804383 0.731020 0.082665
v -0.790841 0.721352 0.009559
v -0.800260 0.719691 0.082665
v -0.790841 0.705975 0.009559
v -0.800260 0.707635 0.082665
v -0.796101 0.691525 0.009559
v -0.804383 0.696307 0.082665
v -0.805985 0.679745 0.009559
v -0.812133 0.687071 0.082665
v -0.819302 0.672056 0.009559
v -0.822573 0.681043 0.082665
v -0.834446 0.669386 0.009559
v -0.834446 0.678950 0.082665
v -0.849590 0.672056 0.009559
v -0.846319 0.681043 0.082665
v -0.862907 0.679745 0.009559
v -0.856759 0.687071 0.082665
v -0.872791 0.691525 0.009559
v -0.864509 0.696307 0.082665
v -0.878051 0.705975 0.009559
v -0.868632 0.707635 0.082665
v -0.878051 0.721352 0.009559
v -0.868632 0.719691 0.082665
v -0.872791 0.735802 0.009559
v -0.864509 0.731020 0.082665
v -0.862907 0.747582 0.009559
v -0.856759 0.740255 0.082665
v -0.849590 0.755270 0.009559
v -0.846319 0.746283 0.082665
v -0.819302 0.755270 0.082665
v -0.834446 0.757941 0.082665
v -0.805985 0.747582 0.082665
v -0.796101 0.735802 0.082665
v -0.790841 0.721352 0.082665
v -0.790841 0.705975 0.082665
v -0.796101 0.691525 0.082665
v -0.805985 0.679745 0.082665
v -0.819302 0.672056 0.082665
v -0.834446 0.669386 0.082665
v -0.849590 0.672056 0.082665
v -0.862907 0.679745 0.082665
v -0.872791 0.691525 0.082665
v -0.878051 0.705975 0.082665
v -0.878051 0.721352 0.082665
v -0.872791 0.735802 0.082665
v -0.862907 0.747582 0.082665
v -0.849590 0.755270 0.082665
v -0.822573 0.746283 0.122962
v -0.834446 0.748377 0.122962
v -0.812132 0.740255 0.122962
v -0.804383 0.731020 0.122962
v -0.800260 0.719691 0.122962
v -0.800260 0.707635 0.122962
v -0.804383 0.696307 0.122962
v -0.812133 0.687071 0.122962
v -0.822573 0.681043 0.122962
v -0.834446 0.678950 0.122962
v -0.846319 0.681043 0.122962
v -0.856759 0.687071 0.122962
v -0.864509 0.696307 0.122962
v -0.868632 0.707635 0.122962
v -0.868632 0.719691 0.122962
v -0.864509 0.731020 0.122962
v -0.856759 0.740255 0.122962
v -0.846319 0.746283 0.122962
v -0.979883 0.606615 -0.044690
v -0.979883 0.710538 0.015309
v -0.979883 0.610898 -0.062566
v -0.979883 0.714821 -0.002566
v -0.659191 0.606615 -0.044691
v -0.659191 0.710538 0.015309
v -0.659191 0.610898 -0.062566
v -0.659191 0.714821 -0.002566
v -0.903653 0.610898 -0.062566
v -0.903653 0.714821 -0.002566
v -0.903653 0.606615 -0.044691
v -0.903653 0.710538 0.015309
v -0.741564 0.714821 -0.002566
v -0.741564 0.606615 -0.044691
v -0.741564 0.610898 -0.062566
v -0.741564 0.710538 0.015309
v -0.979883 0.658577 -0.014690
v -0.979883 0.662859 -0.032566
v -0.659191 0.662859 -0.032566
v -0.659191 0.658577 -0.014691
v -0.903653 0.658577 -0.014690
v -0.903653 0.662859 -0.032566
v -0.741564 0.658577 -0.014690
v -0.741564 0.662859 -0.032566
v -0.858920 0.669639 -0.024717
v -0.858920 0.743767 0.017413
v -0.858920 0.669639 -0.056816
v -0.858920 0.743767 -0.056816
v -0.809425 0.669639 -0.024717
v -0.809425 0.743767 0.017413
v -0.809425 0.669639 -0.056816
v -0.809425 0.743767 -0.056816
v -0.979883 0.577073 -0.045622
v -0.979883 0.577073 -0.063497
v -0.659191 0.577073 -0.045622
v -0.659191 0.577073 -0.063497
v -0.903653 0.577073 -0.063497
v -0.903653 0.577073 -0.045622
v -0.741564 0.577073 -0.045622
v -0.741564 0.577073 -0.063497
v -0.930681 0.497865 -0.045622
v -0.930681 0.497865 -0.063497
v -0.659191 0.531412 -0.045622
v -0.659191 0.531412 -0.063497
v -0.903653 0.497865 -0.063497
v -0.903653 0.497865 -0.045622
v -0.741564 0.497865 -0.045622
v -0.741564 0.497865 -0.063497
v -1.001489 0.651162 -0.082035
v -0.909489 0.651162 -0.089268
v -1.001489 0.638779 -0.078717
v -0.909489 0.635162 -0.084981
v -1.001489 0.629714 -0.069651
v -0.909489 0.619162 -0.057268
v -1.001489 0.626395 -0.057268
v -0.909489 0.700666 -0.008734
v -1.001489 0.629714 -0.044885
v -0.909489 0.623449 -0.041268
v -1.001489 0.638779 -0.035819
v -0.909489 0.635162 -0.029555
v -1.001489 0.651162 -0.032501
v -0.909489 0.651162 -0.025268
v -1.001489 0.663545 -0.035819
v -0.909489 0.667162 -0.029555
v -1.001489 0.672611 -0.044885
v -1.001489 0.675929 -0.057268
v -0.909489 0.683162 -0.057268
v -1.001489 0.672611 -0.069651
v -0.909489 0.678875 -0.073268
v -1.001489 0.663545 -0.078717
v -0.909489 0.667162 -0.084981
v -0.972300 0.651162 -0.089268
v -0.972300 0.635162 -0.084981
v -0.972300 0.623449 -0.073268
v -0.972300 0.619162 -0.057268
v -0.972300 0.623449 -0.041268
v -0.972300 0.635162 -0.029555
v -0.972300 0.651162 -0.025268
v -0.972300 0.667162 -0.029555
v -0.972300 0.678875 -0.041268
v -0.972300 0.683162 -0.057268
v -0.972300 0.678875 -0.073268
v -0.972300 0.667162 -0.084981
v -0.909489 0.571278 -0.057268
v -0.972300 0.571278 -0.057268
v -0.972300 0.700666 -0.008734
v -1.001489 0.651162 -0.089268
v -1.001489 0.635162 -0.084981
v -1.001489 0.623449 -0.073268
v -1.001489 0.619162 -0.057268
v -1.001489 0.623449 -0.041268
v -1.001489 0.635162 -0.029555
v -1.001489 0.651162 -0.025268
v -1.001489 0.667162 -0.029555
v -1.001489 0.678875 -0.041268
v -1.001489 0.683162 -0.057268
v -1.001489 0.678875 -0.073268
v -1.001489 0.667162 -0.084981
v -1.014075 0.651162 -0.082035
v -1.014075 0.638779 -0.078717
v -1.014075 0.629713 -0.069651
v -1.014075 0.626395 -0.057268
v -1.014075 0.629713 -0.044885
v -1.014075 0.638779 -0.035819
v -1.014075 0.651162 -0.032501
v -1.014075 0.663545 -0.035819
v -1.014075 0.672611 -0.044885
v -1.014075 0.675929 -0.057268
v -1.014075 0.672611 -0.069651
v -1.014075 0.663545 -0.078717
vt 0.693751 0.418500
vt 0.694529 0.242524
vt 0.699827 0.242577
vt 0.698505 0.418562
vt 0.705126 0.242642
vt 0.703237 0.418855
vt 0.710427 0.242719
vt 0.708022 0.419526
vt 0.429379 0.980583
vt 0.429379 0.569521
vt 0.442400 0.569521
vt 0.442400 0.980583
vt 0.011967 0.569033
vt 0.429167 0.568631
vt 0.429167 0.582310
vt 0.013147 0.581958
vt 0.468016 0.263936
vt 0.641613 0.264082
vt 0.641608 0.269482
vt 0.467531 0.269314
vt 0.467293 0.270913
vt 0.642740 0.270913
vt 0.642740 0.276355
vt 0.467293 0.276355
vt 0.642740 0.281798
vt 0.467293 0.281798
vt 0.642740 0.287240
vt 0.467293 0.287240
vt 0.642740 0.292682
vt 0.467293 0.292682
vt 0.642740 0.298125
vt 0.467293 0.298125
vt 0.642740 0.303567
vt 0.467293 0.303567
vt 0.642740 0.309009
vt 0.467293 0.309009
vt 0.642740 0.314452
vt 0.467293 0.314452
vt 0.673629 0.421052
vt 0.673307 0.242443
vt 0.678620 0.242443
vt 0.679017 0.419709
vt 0.683926 0.242457
vt 0.684061 0.418988
vt 0.981489 0.612815
vt 0.988222 0.631314
vt 0.988222 0.651000
vt 0.981489 0.669499
vt 0.968835 0.684580
vt 0.951787 0.694423
vt 0.932399 0.697841
vt 0.913012 0.694423
vt 0.895964 0.684580
vt 0.883310 0.669499
vt 0.876577 0.651000
vt 0.876577 0.631314
vt 0.883310 0.612815
vt 0.895964 0.597735
vt 0.913012 0.587892
vt 0.932399 0.584473
vt 0.951786 0.587892
vt 0.968835 0.597735
vt 0.689229 0.242484
vt 0.688947 0.418629
vt 0.187185 0.281528
vt 0.187159 0.286296
vt 0.148270 0.286380
vt 0.148316 0.281302
vt 0.697823 0.539340
vt 0.698740 0.544539
vt 0.705603 0.544539
vt 0.704272 0.536993
vt 0.695184 0.534769
vt 0.700441 0.530357
vt 0.691140 0.531376
vt 0.694572 0.525432
vt 0.440375 0.999894
vt 0.431404 0.999894
vt 0.429379 0.988408
vt 0.442400 0.988408
vt 0.001579 0.582159
vt 0.000106 0.572754
vt 0.000468 0.591350
vt 0.011984 0.594847
vt 0.671790 0.554409
vt 0.675834 0.557802
vt 0.672403 0.563745
vt 0.666533 0.558820
vt 0.669151 0.549837
vt 0.662702 0.552184
vt 0.668234 0.544639
vt 0.661371 0.544639
vt 0.669151 0.539440
vt 0.662702 0.537093
vt 0.671790 0.534869
vt 0.666533 0.530457
vt 0.675834 0.531475
vt 0.672403 0.525532
vt 0.680794 0.529670
vt 0.679603 0.522911
vt 0.686073 0.529670
vt 0.687265 0.522911
vt 0.691140 0.557702
vt 0.686180 0.559507
vt 0.687372 0.566266
vt 0.694572 0.563645
vt 0.695184 0.554309
vt 0.700441 0.558720
vt 0.697823 0.549737
vt 0.704272 0.552085
vt 0.148401 0.291450
vt 0.103975 0.294203
vt 0.103937 0.286213
vt 0.706952 0.715153
vt 0.711443 0.715097
vt 0.712073 0.753058
vt 0.707319 0.753362
vt 0.693454 0.715081
vt 0.697956 0.715143
vt 0.697743 0.753446
vt 0.692967 0.753215
vt 0.187175 0.291061
vt 0.715929 0.715005
vt 0.716773 0.752575
vt 0.702456 0.715168
vt 0.702535 0.753492
vt 0.187232 0.295821
vt 0.148709 0.296488
vt 0.720408 0.714885
vt 0.721394 0.751902
vt 0.187325 0.300575
vt 0.149200 0.301469
vt 0.912833 0.278712
vt 0.912833 0.221288
vt 0.912833 0.221288
vt 0.912833 0.278712
vt 0.187447 0.305321
vt 0.149883 0.306366
vt 0.187447 0.267154
vt 0.187341 0.271986
vt 0.148993 0.271223
vt 0.149660 0.266324
vt 0.587167 0.221288
vt 0.587167 0.278712
vt 0.587167 0.278712
vt 0.587167 0.221288
vt 0.187248 0.276756
vt 0.148551 0.276241
vt 0.684393 0.714885
vt 0.688952 0.714990
vt 0.688232 0.752779
vt 0.683610 0.752122
vt 0.104216 0.302331
vt 0.028670 0.298671
vt 0.028508 0.292230
vt 0.725525 0.796442
vt 0.717586 0.796904
vt 0.702378 0.797179
vt 0.694849 0.797024
vt 0.733965 0.795693
vt 0.104685 0.310744
vt 0.912833 0.221288
vt 0.912833 0.278712
vt 0.105445 0.319688
vt 0.105021 0.261775
vt 0.105851 0.252831
vt 0.587167 0.278712
vt 0.587167 0.221288
vt 0.104448 0.270137
vt 0.679317 0.796110
vt 0.670878 0.795293
vt 0.104094 0.278235
vt 0.709916 0.797141
vt 0.687208 0.796675
vt 0.028929 0.305012
vt 0.010281 0.307376
vt 0.009754 0.299948
vt 0.725875 0.870757
vt 0.720117 0.871094
vt 0.912833 0.221288
vt 0.912833 0.278712
vt 0.029271 0.311115
vt 0.028931 0.266650
vt 0.029335 0.260620
vt 0.587167 0.278712
vt 0.587167 0.221288
vt 0.028659 0.272914
vt 0.683917 0.871092
vt 0.678228 0.870695
vt 0.028502 0.279299
vt 0.708055 0.871509
vt 0.701945 0.871565
vt 0.689828 0.871360
vt 0.028452 0.285755
vt 0.714133 0.871350
vt 0.695853 0.871515
vt 0.023837 0.227230
vt 0.027100 0.260177
vt 0.005449 0.260765
vt 0.003197 0.228941
vt 0.912833 0.221288
vt 0.912833 0.278712
vt 0.011065 0.315291
vt 0.011203 0.263682
vt 0.012338 0.256027
vt 0.587167 0.278712
vt 0.587167 0.221288
vt 0.010351 0.270978
vt 0.681116 0.888562
vt 0.673893 0.887443
vt 0.009799 0.278185
vt 0.708439 0.890240
vt 0.701602 0.890222
vt 0.688001 0.889402
vt 0.009519 0.285391
vt 0.715338 0.889990
vt 0.694801 0.889946
vt 0.009500 0.292637
vt 0.722347 0.889470
vt 0.729816 0.888698
vt 0.884805 0.643297
vt 0.886808 0.627657
vt 0.894100 0.613678
vt 0.905853 0.603122
vt 0.920453 0.596880
vt 0.936285 0.596153
vt 0.951406 0.600724
vt 0.963940 0.610287
vt 0.972475 0.623545
vt 0.975864 0.638909
vt 0.973671 0.654501
vt 0.966117 0.668395
vt 0.954579 0.679381
vt 0.940067 0.685633
vt 0.924356 0.686422
vt 0.909370 0.681653
vt 0.896822 0.672071
vt 0.888421 0.658685
vt 0.032399 0.013496
vt 0.027675 0.045357
vt 0.006980 0.043088
vt 0.010647 0.011567
vt 0.587167 0.278712
vt 0.587167 0.221288
vt 0.024126 0.075728
vt 0.003812 0.074034
vt 0.680602 0.893461
vt 0.673456 0.892593
vt 0.021829 0.105725
vt 0.001609 0.104735
vt 0.708541 0.895068
vt 0.701537 0.895021
vt 0.687617 0.894211
vt 0.020663 0.135721
vt 0.000393 0.135437
vt 0.715612 0.894848
vt 0.694577 0.894733
vt 0.020586 0.165881
vt 0.000194 0.166332
vt 0.722734 0.894357
vt 0.021642 0.196315
vt 0.001124 0.197522
vt 0.729949 0.893824
vt 0.912833 0.221288
vt 0.912833 0.278712
vt 0.866739 0.646784
vt 0.868650 0.624691
vt 0.878016 0.604581
vt 0.893704 0.588893
vt 0.913792 0.579508
vt 0.935893 0.577548
vt 0.957320 0.583264
vt 0.975505 0.595974
vt 0.988228 0.614144
vt 0.993945 0.635575
vt 0.991966 0.657661
vt 0.982560 0.677723
vt 0.966920 0.693368
vt 0.946870 0.702766
vt 0.924801 0.704742
vt 0.903382 0.699036
vt 0.885212 0.686338
vt 0.872487 0.668181
vt 0.408037 0.323709
vt 0.408037 0.352775
vt 0.404276 0.352775
vt 0.404276 0.323709
vt 0.400516 0.352775
vt 0.400516 0.323709
vt 0.396755 0.352775
vt 0.396755 0.323709
vt 0.392995 0.352775
vt 0.392995 0.323709
vt 0.389234 0.352775
vt 0.389234 0.323709
vt 0.426554 0.320865
vt 0.426554 0.353746
vt 0.421654 0.353746
vt 0.421654 0.320865
vt 0.416755 0.353746
vt 0.416755 0.320865
vt 0.411856 0.353746
vt 0.411856 0.320865
vt 0.406957 0.353746
vt 0.406957 0.320865
vt 0.402058 0.353746
vt 0.402058 0.320865
vt 0.397159 0.353746
vt 0.397159 0.320865
vt 0.392260 0.353746
vt 0.392260 0.320865
vt 0.387361 0.353746
vt 0.387361 0.320865
vt 0.426839 0.323709
vt 0.426839 0.352775
vt 0.423078 0.352775
vt 0.423079 0.323709
vt 0.419318 0.352775
vt 0.419318 0.323709
vt 0.415558 0.352775
vt 0.415558 0.323709
vt 0.652581 0.492769
vt 0.652581 0.494633
vt 0.639260 0.494633
vt 0.639260 0.492769
vt 0.411797 0.352775
vt 0.411797 0.323709
vt 0.255382 0.078313
vt 0.255608 0.078856
vt 0.255629 0.079446
vt 0.255436 0.080006
vt 0.255078 0.080489
vt 0.254571 0.080809
vt 0.253995 0.080947
vt 0.253410 0.080869
vt 0.252888 0.080603
vt 0.252497 0.080167
vt 0.252284 0.079614
vt 0.252278 0.079010
vt 0.252438 0.078435
vt 0.252790 0.077960
vt 0.253287 0.077642
vt 0.253867 0.077520
vt 0.254453 0.077600
vt 0.254974 0.077886
vt 0.271170 0.070024
vt 0.273316 0.076472
vt 0.268829 0.077019
vt 0.267153 0.072066
vt 0.273124 0.083276
vt 0.268712 0.082254
vt 0.270614 0.089611
vt 0.266811 0.087137
vt 0.266080 0.094717
vt 0.263346 0.091086
vt 0.260065 0.097972
vt 0.258735 0.093617
vt 0.253286 0.098975
vt 0.253525 0.094420
vt 0.246562 0.097597
vt 0.248348 0.093391
vt 0.240704 0.093996
vt 0.243827 0.090647
vt 0.236421 0.088606
vt 0.240512 0.086515
vt 0.234215 0.082069
vt 0.238810 0.081488
vt 0.234317 0.075130
vt 0.238949 0.076167
vt 0.236702 0.068441
vt 0.240988 0.071196
vt 0.241930 0.063770
vt 0.244508 0.067201
vt 0.247833 0.060214
vt 0.249255 0.064874
vt 0.254689 0.060021
vt 0.254435 0.064097
vt 0.261194 0.061226
vt 0.259475 0.065254
vt 0.266951 0.064720
vt 0.263896 0.067988
vt 0.752470 0.228623
vt 0.727898 0.232956
vt 0.703325 0.228623
vt 0.681716 0.216147
vt 0.665677 0.197033
vt 0.657143 0.173586
vt 0.657143 0.148635
vt 0.665677 0.125188
vt 0.681716 0.106073
vt 0.703325 0.093597
vt 0.727898 0.089265
vt 0.752470 0.093597
vt 0.774079 0.106073
vt 0.790118 0.125188
vt 0.798652 0.148635
vt 0.798652 0.173586
vt 0.790118 0.197033
vt 0.774079 0.216147
vt 0.652581 0.487167
vt 0.652581 0.485303
vt 0.639260 0.485303
vt 0.639260 0.487167
vt 0.652581 0.490905
vt 0.639260 0.490905
vt 0.652581 0.489031
vt 0.639260 0.489031
vt 0.652581 0.489041
vt 0.639260 0.489041
vt 0.652581 0.502090
vt 0.652581 0.503954
vt 0.639260 0.503954
vt 0.639260 0.502090
vt 0.652581 0.472254
vt 0.652581 0.470390
vt 0.639260 0.470390
vt 0.639260 0.472254
vt 0.652581 0.500226
vt 0.639260 0.500226
vt 0.652581 0.474118
vt 0.639260 0.474118
vt 0.652581 0.498362
vt 0.639260 0.498362
vt 0.652581 0.481574
vt 0.652581 0.479710
vt 0.639260 0.479710
vt 0.639260 0.481574
vt 0.652581 0.475982
vt 0.639260 0.475982
vt 0.652581 0.496498
vt 0.639260 0.496498
vt 0.652581 0.483438
vt 0.639260 0.483438
vt 0.652581 0.477846
vt 0.639260 0.477846
vt 0.406719 0.299907
vt 0.406719 0.333373
vt 0.399680 0.333373
vt 0.399680 0.299907
vt 0.392640 0.333373
vt 0.392640 0.299907
vt 0.385601 0.333373
vt 0.385601 0.299907
vt 0.378561 0.333373
vt 0.378561 0.299907
vt 0.434623 0.303846
vt 0.434623 0.333103
vt 0.429141 0.333103
vt 0.429141 0.303846
vt 0.423658 0.333103
vt 0.423658 0.303846
vt 0.418176 0.333103
vt 0.418176 0.303846
vt 0.412693 0.333103
vt 0.412693 0.303846
vt 0.407211 0.333103
vt 0.407211 0.303846
vt 0.401729 0.333103
vt 0.401729 0.303846
vt 0.396246 0.333103
vt 0.396246 0.303846
vt 0.390764 0.333103
vt 0.390764 0.303846
vt 0.385281 0.333103
vt 0.385281 0.303846
vt 0.379799 0.333103
vt 0.379799 0.303846
vt 0.434877 0.299907
vt 0.434877 0.333373
vt 0.427838 0.333373
vt 0.427838 0.299907
vt 0.420798 0.333373
vt 0.420798 0.299907
vt 0.399990 0.336138
vt 0.404110 0.336138
vt 0.404110 0.355486
vt 0.399990 0.355486
vt 0.413759 0.333373
vt 0.413759 0.299907
vt 0.245517 0.233181
vt 0.244932 0.235184
vt 0.243293 0.234998
vt 0.244043 0.232449
vt 0.245067 0.237267
vt 0.243453 0.237654
vt 0.245915 0.239181
vt 0.244510 0.240120
vt 0.247335 0.240717
vt 0.246381 0.242007
vt 0.249205 0.241636
vt 0.248735 0.243206
vt 0.251281 0.241873
vt 0.251378 0.243518
vt 0.253315 0.241385
vt 0.253972 0.242900
vt 0.255061 0.240228
vt 0.256200 0.241428
vt 0.256307 0.238540
vt 0.257790 0.239279
vt 0.256899 0.236525
vt 0.258549 0.236712
vt 0.256762 0.234428
vt 0.258385 0.234034
vt 0.255902 0.232507
vt 0.257312 0.231557
vt 0.254466 0.230977
vt 0.255421 0.229666
vt 0.252576 0.230078
vt 0.253040 0.228463
vt 0.250502 0.229829
vt 0.250394 0.228232
vt 0.248484 0.230338
vt 0.247829 0.228841
vt 0.246751 0.231498
vt 0.245618 0.230309
vt 0.789264 0.125124
vt 0.797686 0.148265
vt 0.797686 0.172891
vt 0.789263 0.196032
vt 0.773434 0.214897
vt 0.752107 0.227210
vt 0.727855 0.231486
vt 0.703603 0.227210
vt 0.682276 0.214897
vt 0.666447 0.196032
vt 0.658024 0.172891
vt 0.658024 0.148265
vt 0.666447 0.125124
vt 0.682276 0.106259
vt 0.703603 0.093946
vt 0.727855 0.089670
vt 0.752107 0.093946
vt 0.773434 0.106259
vt 0.388810 0.338365
vt 0.393591 0.338365
vt 0.393591 0.354347
vt 0.388810 0.354347
vt 0.395870 0.336138
vt 0.395870 0.355486
vt 0.424710 0.336138
vt 0.428830 0.336138
vt 0.428830 0.355486
vt 0.424710 0.355486
vt 0.391750 0.336138
vt 0.391750 0.355486
vt 0.420590 0.336138
vt 0.420590 0.355486
vt 0.387630 0.336138
vt 0.387630 0.355486
vt 0.416470 0.336138
vt 0.416470 0.355486
vt 0.422278 0.338365
vt 0.427059 0.338365
vt 0.427059 0.354347
vt 0.422278 0.354347
vt 0.412350 0.336138
vt 0.412350 0.355486
vt 0.403153 0.338365
vt 0.407934 0.338365
vt 0.407934 0.354347
vt 0.403153 0.354347
vt 0.417497 0.338365
vt 0.417497 0.354347
vt 0.408230 0.336138
vt 0.408230 0.355486
vt 0.398372 0.338365
vt 0.398372 0.354347
vt 0.412716 0.338365
vt 0.412716 0.354347
vt 0.704837 0.421428
vt 0.718169 0.471337
vt 0.702350 0.470903
vt 0.689018 0.420994
vt 0.786440 0.430266
vt 0.752727 0.430266
vt 0.752727 0.381334
vt 0.786440 0.381334
vt 0.689776 0.325463
vt 0.702360 0.284795
vt 0.715401 0.284947
vt 0.702816 0.325615
vt 0.788089 0.527020
vt 0.754376 0.527020
vt 0.754376 0.572302
vt 0.788089 0.572302
vt 0.788089 0.430735
vt 0.754376 0.430735
vt 0.786440 0.571833
vt 0.752727 0.571833
vt 0.752727 0.526550
vt 0.786440 0.526550
vt 0.788089 0.381804
vt 0.754376 0.381804
vt 0.104366 0.457413
vt 0.105834 0.478401
vt 0.119013 0.466419
vt 0.107169 0.455481
vt 0.087041 0.276922
vt 0.101275 0.240894
vt 0.821802 0.381804
vt 0.821802 0.430735
vt 0.820153 0.571833
vt 0.820153 0.526550
vt 0.821802 0.527020
vt 0.821802 0.572302
vt 0.677191 0.366131
vt 0.690232 0.366283
vt 0.820153 0.430266
vt 0.820153 0.381335
vt 0.691505 0.371519
vt 0.675685 0.371085
vt 0.706432 0.448155
vt 0.683457 0.445208
vt 0.671346 0.370574
vt 0.694321 0.373521
vt 0.326833 0.277063
vt 0.349864 0.163407
vt 0.373944 0.218904
vt 0.371372 0.237599
vt 0.726199 0.502840
vt 0.687248 0.502840
vt 0.687248 0.476834
vt 0.726199 0.476834
vt 0.386275 0.239932
vt 0.388150 0.220368
vt 0.416318 0.158964
vt 0.416318 0.271070
vt 0.681257 0.565115
vt 0.670707 0.565115
vt 0.670707 0.549161
vt 0.681257 0.549161
vt 0.701414 0.418460
vt 0.715401 0.479996
vt 0.703034 0.482807
vt 0.689046 0.421271
vt 0.839166 0.526550
vt 0.839166 0.571833
vt 0.685372 0.330307
vt 0.706432 0.338299
vt 0.682469 0.342753
vt 0.697332 0.346748
vt 0.694233 0.386869
vt 0.681866 0.389680
vt 0.103598 0.439382
vt 0.092456 0.444383
vt 0.838410 0.572302
vt 0.838410 0.527020
vt 0.839166 0.381334
vt 0.839166 0.430266
vt 0.838410 0.430735
vt 0.838410 0.381804
vt 0.882915 0.543075
vt 0.882915 0.527020
vt 0.703307 0.265221
vt 0.718169 0.269216
vt 0.670707 0.453487
vt 0.681257 0.453487
vt 0.883671 0.430266
vt 0.883671 0.526550
vt 0.882915 0.430735
vt 0.864066 0.381804
vt 0.883671 0.542605
vt 0.864822 0.381334
vt 0.670476 0.453487
vt 0.681027 0.453487
vt 0.681027 0.549161
vt 0.670476 0.549161
vt 0.768096 0.561210
vt 0.768096 0.537190
vt 0.779362 0.537190
vt 0.779362 0.561210
vt 0.826725 0.537190
vt 0.826725 0.561210
vt 0.734296 0.537190
vt 0.734296 0.561210
vt 0.699204 0.561210
vt 0.699204 0.537190
vt 0.839259 0.504469
vt 0.846141 0.512719
vt 0.842176 0.537804
vt 0.846510 0.512569
vt 0.867094 0.515230
vt 0.842408 0.537822
vt 0.745563 0.537190
vt 0.745563 0.561210
vt 0.871703 0.479578
vt 0.878263 0.488086
vt 0.879690 0.498734
vt 0.875602 0.508670
vt 0.839950 0.504061
vt 0.838523 0.493412
vt 0.842611 0.483477
vt 0.851119 0.476917
vt 0.756829 0.537190
vt 0.756829 0.561210
vt 0.744106 0.665654
vt 0.734538 0.665654
vt 0.734538 0.642478
vt 0.744106 0.642478
vt 0.748375 0.613568
vt 0.748375 0.581366
vt 0.756606 0.581366
vt 0.756606 0.613568
vt 0.740144 0.613568
vt 0.740144 0.581366
vt 0.731913 0.613568
vt 0.731913 0.581366
vt 0.773058 0.613305
vt 0.773058 0.581103
vt 0.781289 0.581103
vt 0.781289 0.613305
vt 0.764826 0.613305
vt 0.764826 0.581103
vt 0.756595 0.613305
vt 0.756595 0.581103
vt 0.748364 0.613305
vt 0.748364 0.581103
vt 0.740133 0.613305
vt 0.740133 0.581103
vt 0.731902 0.613305
vt 0.731902 0.581103
vt 0.773068 0.613568
vt 0.773068 0.581366
vt 0.781299 0.581366
vt 0.781299 0.613568
vt 0.764837 0.613568
vt 0.764837 0.581366
vt 0.858514 0.470602
vt 0.850714 0.477991
vt 0.843718 0.443296
vt 0.839167 0.448252
vt 0.847654 0.488289
vt 0.856225 0.516423
vt 0.873124 0.186436
vt 0.866382 0.198113
vt 0.859034 0.196144
vt 0.867745 0.181057
vt 0.884802 0.179694
vt 0.882833 0.172346
vt 0.898285 0.179694
vt 0.900254 0.172346
vt 0.909962 0.186436
vt 0.915342 0.181057
vt 0.916704 0.198113
vt 0.924053 0.196144
vt 0.916704 0.211597
vt 0.924053 0.213566
vt 0.909962 0.223274
vt 0.915342 0.228654
vt 0.898285 0.230016
vt 0.900254 0.237364
vt 0.884802 0.230016
vt 0.882833 0.237364
vt 0.873124 0.223274
vt 0.867745 0.228654
vt 0.866382 0.211597
vt 0.859034 0.213566
vt 0.748586 0.231163
vt 0.710830 0.231164
vt 0.678132 0.212285
vt 0.659254 0.179588
vt 0.659254 0.141832
vt 0.678132 0.109134
vt 0.710829 0.090256
vt 0.748586 0.090256
vt 0.781283 0.109134
vt 0.800162 0.141831
vt 0.800162 0.179588
vt 0.781284 0.212285
vt 0.325138 0.227297
vt 0.325138 0.326953
vt 0.227297 0.326953
vt 0.227296 0.227296
vt 0.763241 0.642038
vt 0.772809 0.642038
vt 0.772809 0.665213
vt 0.763241 0.665213
vt 0.734538 0.642038
vt 0.744106 0.642038
vt 0.744106 0.665213
vt 0.734538 0.665213
vt 0.782377 0.665654
vt 0.772809 0.665654
vt 0.772809 0.642478
vt 0.782377 0.642478
vt 0.763241 0.665654
vt 0.753673 0.665654
vt 0.753674 0.642478
vt 0.763241 0.642478
vt 0.782377 0.642038
vt 0.782377 0.665213
vt 0.753674 0.642038
vt 0.753674 0.665213
vt 0.325402 0.326953
vt 0.325402 0.227296
vt 0.423244 0.227296
vt 0.423244 0.326953
vn -0.0000 -0.1736 -0.9848
vn -0.0000 -0.5000 -0.8660
vn 0.0000 -0.7660 -0.6428
vn -0.0000 -0.9397 -0.3420
vn -0.0000 -1.0000 0.0000
vn -0.0000 -0.9397 0.3420
vn 0.0000 -0.7660 0.6428
vn 0.0000 -0.5000 0.8660
vn 0.0000 -0.1736 0.9848
vn 0.0000 0.1736 0.9848
vn 0.0000 0.5000 0.8660
vn 0.0000 0.7660 0.6428
vn 0.0000 0.9397 0.3420
vn 0.0000 1.0000 0.0000
vn 0.0000 0.9397 -0.3420
vn 0.0000 0.7660 -0.6428
vn 1.0000 -0.0000 0.0000
vn 0.0000 0.5000 -0.8660
vn 0.0000 0.1736 -0.9848
vn -1.0000 0.0000 0.0000
vn 0.2750 0.1670 0.9469
vn -0.1105 0.4969 0.8607
vn 0.2750 -0.7365 -0.6180
vn 0.2750 0.1670 -0.9469
vn 0.2750 0.4807 0.8326
vn 0.2750 -0.9035 -0.3288
vn 0.2750 0.7365 0.6180
vn 0.2750 -0.9615 0.0000
vn 0.2750 0.9035 0.3288
vn 0.2750 -0.9035 0.3288
vn 0.2750 0.9615 0.0000
vn 0.2750 -0.7365 0.6180
vn 0.2750 0.9035 -0.3288
vn 0.2750 -0.4807 0.8326
vn 0.2750 -0.1670 -0.9469
vn 0.2750 0.7365 -0.6180
vn 0.2750 -0.1670 0.9469
vn 0.2750 -0.4807 -0.8326
vn 0.2750 0.4807 -0.8326
vn 0.4025 0.7012 0.5884
vn -0.1105 -0.9339 -0.3399
vn -0.1105 0.7614 0.6389
vn -0.1105 -0.9939 0.0000
vn -0.1105 0.9339 0.3399
vn -0.1105 -0.9339 0.3399
vn -0.1105 0.9939 0.0000
vn -0.1105 -0.7614 0.6389
vn -0.1105 0.9339 -0.3399
vn -0.1105 -0.4969 0.8607
vn -0.1105 -0.1726 -0.9788
vn -0.1105 0.7614 -0.6389
vn -0.1105 -0.1726 0.9788
vn -0.1105 -0.4969 -0.8607
vn -0.1105 0.4969 -0.8607
vn -0.1105 0.1726 0.9788
vn -0.1105 -0.7614 -0.6389
vn -0.1105 0.1726 -0.9788
vn -0.2467 0.9107 0.3315
vn 0.4025 -0.9154 0.0000
vn 0.4025 0.8602 0.3131
vn 0.4025 -0.8602 0.3131
vn 0.4025 0.9154 0.0000
vn 0.4025 -0.7012 0.5884
vn 0.4025 0.8602 -0.3131
vn 0.4025 -0.4577 0.7928
vn 0.4025 -0.1590 -0.9015
vn 0.4025 0.7012 -0.5884
vn 0.4025 -0.1590 0.9015
vn 0.4025 -0.4577 -0.7928
vn 0.4025 0.4577 -0.7928
vn 0.4025 0.1590 0.9015
vn 0.4025 -0.7012 -0.5884
vn 0.4025 0.1590 -0.9015
vn 0.4025 0.4577 0.7928
vn 0.4025 -0.8602 -0.3131
vn -0.2467 -0.9107 0.3315
vn -0.2467 0.9691 0.0000
vn -0.2467 -0.7424 0.6229
vn -0.2467 0.9107 -0.3315
vn -0.2467 -0.4846 0.8393
vn -0.2467 -0.1683 -0.9544
vn -0.2467 0.7424 -0.6229
vn -0.2467 -0.1683 0.9544
vn -0.2467 -0.4846 -0.8393
vn -0.2467 0.4845 -0.8393
vn -0.2467 0.1683 0.9544
vn -0.2467 -0.7424 -0.6229
vn -0.2467 0.1683 -0.9544
vn -0.2467 0.4845 0.8393
vn -0.2467 -0.9107 -0.3314
vn -0.2467 0.7424 0.6229
vn -0.2467 -0.9691 0.0000
vn -0.4897 0.1514 0.8586
vn -0.4897 0.4359 0.7551
vn -0.4897 0.6679 0.5604
vn -0.4897 0.8193 0.2982
vn -0.4897 0.8719 0.0000
vn -0.4897 0.8193 -0.2982
vn -0.4897 0.6679 -0.5604
vn -0.4897 0.4359 -0.7551
vn -0.4897 0.1514 -0.8586
vn -0.4897 -0.1514 -0.8586
vn -0.4897 -0.4359 -0.7551
vn -0.4897 -0.6679 -0.5604
vn -0.4897 -0.8193 -0.2982
vn -0.4897 -0.8719 0.0000
vn -0.4897 -0.8193 0.2982
vn -0.4897 -0.6679 0.5604
vn -0.4897 -0.4359 0.7551
vn -0.4897 -0.1514 0.8586
vn 0.1736 0.0000 -0.9848
vn 0.5000 0.0000 -0.8660
vn 0.7660 -0.0000 -0.6428
vn 0.9397 0.0000 -0.3420
vn 0.9397 0.0000 0.3420
vn 0.7660 -0.0000 0.6428
vn 0.5000 0.0000 0.8660
vn 0.1736 0.0000 0.9848
vn -0.1736 0.0000 0.9848
vn -0.5000 -0.0000 0.8660
vn -0.7660 0.0000 0.6428
vn -0.9397 0.0000 0.3420
vn -0.9397 -0.0000 -0.3420
vn -0.7660 0.0000 -0.6428
vn -0.5000 0.0000 -0.8660
vn -0.1736 0.0000 -0.9848
vn 0.1736 0.9848 0.0000
vn 0.5000 0.8660 -0.0000
vn 0.7660 0.6428 -0.0000
vn 0.9397 0.3420 0.0000
vn 0.9397 -0.3420 0.0000
vn 0.7660 -0.6428 -0.0000
vn 0.5000 -0.8660 -0.0000
vn 0.1736 -0.9848 -0.0000
vn -0.1736 -0.9848 0.0000
vn -0.5000 -0.8660 0.0000
vn -0.7660 -0.6428 0.0000
vn -0.9397 -0.3420 0.0000
vn -0.9397 0.3420 0.0000
vn -0.7660 0.6428 0.0000
vn -0.5000 0.8660 0.0000
vn -0.1736 0.9848 0.0000
vn 0.0000 0.0000 1.0000
vn 0.1737 -0.9848 0.0000
vn -0.0000 -0.9725 -0.2330
vn 0.0000 0.0000 -1.0000
vn 0.3772 -0.9261 0.0000
vn -0.0000 0.0275 -0.9996
vn 0.0000 -0.0315 0.9995
vn -0.8495 -0.5277 0.0000
vn 0.0000 -0.2588 -0.9659
vn 0.0000 -0.3980 -0.9174
vn 0.0000 0.9407 -0.3393
vn 0.0000 0.9659 -0.2588
vn 0.0000 0.7071 -0.7071
vn 0.0000 0.2588 -0.9659
vn 0.0000 -0.9659 -0.2588
vn 0.0000 0.9659 0.2588
vn 0.0000 0.7071 0.7071
vn 0.0000 0.2588 0.9659
vn 0.0000 -0.2588 0.9659
vn 0.0000 -0.7071 0.7071
vn 0.0000 -0.9659 0.2588
vn 0.0000 -0.7071 -0.7071
usemtl Material
s off
f 842/1349/475 807/1350/475 809/1351/475 843/1352/475
f 843/1352/476 809/1351/476 811/1353/476 844/1354/476
f 844/1354/477 811/1353/477 813/1355/477 845/1356/477
f 845/1357/478 813/1358/478 815/1359/478 846/1360/478
f 846/1361/479 815/1362/479 817/1363/479 847/1364/479
f 847/1365/480 817/1366/480 819/1367/480 848/1368/480
f 848/1369/481 819/1370/481 821/1371/481 849/1372/481
f 849/1372/482 821/1371/482 823/1373/482 850/1374/482
f 850/1374/483 823/1373/483 825/1375/483 851/1376/483
f 851/1376/484 825/1375/484 827/1377/484 852/1378/484
f 852/1378/485 827/1377/485 829/1379/485 853/1380/485
f 853/1380/486 829/1379/486 831/1381/486 854/1382/486
f 854/1382/487 831/1381/487 833/1383/487 855/1384/487
f 855/1384/488 833/1383/488 835/1385/488 856/1386/488
f 856/1387/489 835/1388/489 837/1389/489 857/1390/489
f 857/1390/490 837/1389/490 839/1391/490 858/1392/490
f 809/1393/491 807/1394/491 841/1395/491 839/1396/491 837/1397/491 835/1398/491 833/1399/491 831/1400/491 829/1401/491 827/1402/491 825/1403/491 823/1404/491 821/1405/491 819/1406/491 817/1407/491 815/1408/491 813/1409/491 811/1410/491
f 858/1392/492 839/1391/492 841/1411/492 859/1412/492
f 859/1412/493 841/1411/493 807/1350/493 842/1349/493
f 822/1413/483 824/1414/483 869/1415/483 868/1416/483
f 808/1417/494 806/1418/494 842/1419/494 843/1420/494
f 810/1421/494 808/1417/494 843/1420/494 844/1422/494
f 812/1423/494 810/1421/494 844/1422/494 845/1424/494
f 814/1425/494 812/1426/494 845/1427/494 846/1428/494
f 816/1429/494 814/1430/494 846/1361/494 847/1364/494
f 818/1431/494 816/1429/494 847/1364/494 848/1432/494
f 820/1433/494 818/1434/494 848/1435/494 849/1436/494
f 822/1437/494 820/1433/494 849/1436/494 850/1438/494
f 824/1439/494 822/1437/494 850/1438/494 851/1440/494
f 826/1441/494 824/1439/494 851/1440/494 852/1442/494
f 828/1443/494 826/1441/494 852/1442/494 853/1444/494
f 830/1445/494 828/1443/494 853/1444/494 854/1446/494
f 832/1447/494 830/1445/494 854/1446/494 855/1448/494
f 834/1449/494 832/1447/494 855/1448/494 856/1450/494
f 836/1451/494 834/1452/494 856/1453/494 857/1454/494
f 838/1455/494 836/1451/494 857/1454/494 858/1456/494
f 840/1457/494 838/1455/494 858/1456/494 859/1458/494
f 806/1418/494 840/1457/494 859/1458/494 842/1419/494
f 869/1415/495 870/1459/495 888/1460/495 887/1461/495
f 808/1462/476 810/1463/476 862/1464/476 861/1465/476
f 838/1466/492 840/1467/492 877/1468/492 876/1469/492
f 824/1414/484 826/1470/484 870/1459/484 869/1415/484
f 810/1463/477 812/1471/477 863/1472/477 862/1464/477
f 840/1467/493 806/1473/493 860/1474/493 877/1468/493
f 826/1470/485 828/1475/485 871/1476/485 870/1459/485
f 812/1471/478 814/1477/478 864/1478/478 863/1472/478
f 828/1475/486 830/1479/486 872/1480/486 871/1476/486
f 814/1481/479 816/1482/479 865/1483/479 864/1484/479
f 830/1479/487 832/1485/487 873/1486/487 872/1480/487
f 816/1487/480 818/1488/480 866/1489/480 865/1490/480
f 832/1491/488 834/1492/488 874/1493/488 873/1494/488
f 818/1488/481 820/1495/481 867/1496/481 866/1489/481
f 834/1497/489 836/1498/489 875/1499/489 874/1500/489
f 820/1495/482 822/1413/482 868/1416/482 867/1496/482
f 806/1473/475 808/1462/475 861/1465/475 860/1474/475
f 836/1498/490 838/1466/490 876/1469/490 875/1499/490
f 888/1460/496 889/1501/496 907/1502/496 906/1503/496
f 862/1464/497 863/1472/497 881/1504/497 880/1505/497
f 877/1468/498 860/1474/498 878/1506/498 895/1507/498
f 870/1459/499 871/1476/499 889/1501/499 888/1460/499
f 863/1472/500 864/1478/500 882/1508/500 881/1504/500
f 871/1476/501 872/1480/501 890/1509/501 889/1501/501
f 864/1484/502 865/1483/502 883/1510/502 882/1511/502
f 872/1480/503 873/1486/503 891/1512/503 890/1509/503
f 865/1490/504 866/1489/504 884/1513/504 883/1514/504
f 873/1494/505 874/1493/505 892/1515/505 891/1516/505
f 866/1489/506 867/1496/506 885/1517/506 884/1513/506
f 874/1500/507 875/1499/507 893/1518/507 892/1519/507
f 867/1496/508 868/1416/508 886/1520/508 885/1517/508
f 860/1474/509 861/1465/509 879/1521/509 878/1506/509
f 875/1499/510 876/1469/510 894/1522/510 893/1518/510
f 868/1416/511 869/1415/511 887/1461/511 886/1520/511
f 861/1465/512 862/1464/512 880/1505/512 879/1521/512
f 876/1469/513 877/1468/513 895/1507/513 894/1522/513
f 907/1502/514 908/1523/514 926/1524/514 925/1525/514
f 881/1504/515 882/1508/515 900/1526/515 899/1527/515
f 889/1501/516 890/1509/516 908/1523/516 907/1502/516
f 882/1511/517 883/1510/517 901/1528/517 900/1529/517
f 890/1509/518 891/1512/518 909/1530/518 908/1523/518
f 883/1514/519 884/1513/519 902/1531/519 901/1532/519
f 891/1516/520 892/1515/520 910/1533/520 909/1534/520
f 884/1513/521 885/1517/521 903/1535/521 902/1531/521
f 892/1519/522 893/1518/522 911/1536/522 910/1537/522
f 885/1517/523 886/1520/523 904/1538/523 903/1535/523
f 878/1506/524 879/1521/524 897/1539/524 896/1540/524
f 893/1518/525 894/1522/525 912/1541/525 911/1536/525
f 886/1520/526 887/1461/526 905/1542/526 904/1538/526
f 879/1521/527 880/1505/527 898/1543/527 897/1539/527
f 894/1522/528 895/1507/528 913/1544/528 912/1541/528
f 887/1461/529 888/1460/529 906/1503/529 905/1542/529
f 880/1505/530 881/1504/530 899/1527/530 898/1543/530
f 895/1507/531 878/1506/531 896/1540/531 913/1544/531
f 926/1545/532 927/1546/532 963/1547/532 962/1548/532
f 900/1529/533 901/1528/533 919/1549/533 918/1550/533
f 908/1523/534 909/1530/534 927/1551/534 926/1524/534
f 901/1532/535 902/1531/535 920/1552/535 919/1553/535
f 909/1534/536 910/1533/536 928/1554/536 927/1555/536
f 902/1531/537 903/1535/537 921/1556/537 920/1552/537
f 910/1537/538 911/1536/538 929/1557/538 928/1558/538
f 903/1535/539 904/1538/539 922/1559/539 921/1556/539
f 896/1540/540 897/1539/540 915/1560/540 914/1561/540
f 911/1536/541 912/1541/541 930/1562/541 929/1557/541
f 904/1538/542 905/1542/542 923/1563/542 922/1559/542
f 897/1539/543 898/1543/543 916/1564/543 915/1560/543
f 912/1541/544 913/1544/544 931/1565/544 930/1562/544
f 905/1542/545 906/1503/545 924/1566/545 923/1563/545
f 898/1543/546 899/1527/546 917/1567/546 916/1564/546
f 913/1544/547 896/1540/547 914/1561/547 931/1565/547
f 906/1503/548 907/1502/548 925/1525/548 924/1566/548
f 899/1527/549 900/1526/549 918/1568/549 917/1567/549
f 932/1569/494 933/1570/494 934/1571/494 935/1572/494 936/1573/494 937/1574/494 938/1575/494 939/1576/494 940/1577/494 941/1578/494 942/1579/494 943/1580/494 944/1581/494 945/1582/494 946/1583/494 947/1584/494 948/1585/494 949/1586/494
f 919/1587/550 920/1588/550 956/1589/550 955/1590/550
f 927/1555/551 928/1554/551 964/1591/551 963/1592/551
f 920/1588/552 921/1593/552 957/1594/552 956/1589/552
f 928/1558/553 929/1557/553 965/1595/553 964/1596/553
f 921/1593/554 922/1597/554 958/1598/554 957/1594/554
f 914/1561/555 915/1560/555 951/1599/555 950/1600/555
f 929/1557/556 930/1562/556 966/1601/556 965/1595/556
f 922/1597/557 923/1602/557 959/1603/557 958/1598/557
f 915/1560/558 916/1564/558 952/1604/558 951/1599/558
f 930/1562/559 931/1565/559 967/1605/559 966/1601/559
f 923/1602/560 924/1606/560 960/1607/560 959/1603/560
f 916/1564/561 917/1567/561 953/1608/561 952/1604/561
f 931/1565/562 914/1561/562 950/1600/562 967/1605/562
f 924/1606/563 925/1609/563 961/1610/563 960/1607/563
f 917/1567/564 918/1568/564 954/1611/564 953/1608/564
f 925/1609/565 926/1545/565 962/1548/565 961/1610/565
f 918/1550/566 919/1549/566 955/1612/566 954/1613/566
f 933/1570/567 932/1569/567 950/1614/567 951/1615/567
f 934/1571/568 933/1570/568 951/1615/568 952/1616/568
f 935/1572/569 934/1571/569 952/1616/569 953/1617/569
f 936/1573/570 935/1572/570 953/1617/570 954/1618/570
f 937/1574/571 936/1573/571 954/1618/571 955/1619/571
f 938/1575/572 937/1574/572 955/1619/572 956/1620/572
f 939/1576/573 938/1575/573 956/1620/573 957/1621/573
f 940/1577/574 939/1576/574 957/1621/574 958/1622/574
f 941/1578/575 940/1577/575 958/1622/575 959/1623/575
f 942/1579/576 941/1578/576 959/1623/576 960/1624/576
f 943/1580/577 942/1579/577 960/1624/577 961/1625/577
f 944/1581/578 943/1580/578 961/1625/578 962/1626/578
f 945/1582/579 944/1581/579 962/1626/579 963/1627/579
f 946/1583/580 945/1582/580 963/1627/580 964/1628/580
f 947/1584/581 946/1583/581 964/1628/581 965/1629/581
f 948/1585/582 947/1584/582 965/1629/582 966/1630/582
f 949/1586/583 948/1585/583 966/1630/583 967/1631/583
f 932/1569/584 949/1586/584 967/1631/584 950/1614/584
f 968/1632/585 1005/1633/585 1004/1634/585 970/1635/585
f 970/1635/586 1004/1634/586 1006/1636/586 972/1637/586
f 972/1637/587 1006/1636/587 1007/1638/587 974/1639/587
f 974/1639/588 1007/1638/588 1008/1640/588 976/1641/588
f 976/1641/491 1008/1640/491 1009/1642/491 978/1643/491
f 978/1644/589 1009/1645/589 1010/1646/589 980/1647/589
f 980/1647/590 1010/1646/590 1011/1648/590 982/1649/590
f 982/1649/591 1011/1648/591 1012/1650/591 984/1651/591
f 984/1651/592 1012/1650/592 1013/1652/592 986/1653/592
f 986/1653/593 1013/1652/593 1014/1654/593 988/1655/593
f 988/1655/594 1014/1654/594 1015/1656/594 990/1657/594
f 990/1657/595 1015/1656/595 1016/1658/595 992/1659/595
f 992/1659/596 1016/1658/596 1017/1660/596 994/1661/596
f 994/1662/494 1017/1663/494 1018/1664/494 996/1665/494
f 996/1665/597 1018/1664/597 1019/1666/597 998/1667/597
f 998/1667/598 1019/1666/598 1020/1668/598 1000/1669/598
f 991/1670/594 989/1671/594 1032/1672/594 1033/1673/594
f 1000/1669/599 1020/1668/599 1021/1674/599 1002/1675/599
f 1002/1675/600 1021/1674/600 1005/1633/600 968/1632/600
f 968/1676/479 970/1677/479 972/1678/479 974/1679/479 976/1680/479 978/1681/479 980/1682/479 982/1683/479 984/1684/479 986/1685/479 988/1686/479 990/1687/479 992/1688/479 994/1689/479 996/1690/479 998/1691/479 1000/1692/479 1002/1693/479
f 969/1694/488 971/1695/488 1004/1696/488 1005/1697/488
f 971/1695/488 973/1698/488 1006/1699/488 1004/1696/488
f 973/1698/488 975/1700/488 1007/1701/488 1006/1699/488
f 975/1700/488 977/1702/488 1008/1703/488 1007/1701/488
f 977/1702/488 979/1704/488 1009/1705/488 1008/1703/488
f 979/1704/488 981/1706/488 1010/1707/488 1009/1705/488
f 981/1706/488 983/1708/488 1011/1709/488 1010/1707/488
f 983/1708/488 985/1710/488 1012/1711/488 1011/1709/488
f 985/1710/488 987/1712/488 1013/1713/488 1012/1711/488
f 987/1712/488 989/1714/488 1014/1715/488 1013/1713/488
f 989/1714/488 991/1716/488 1015/1717/488 1014/1715/488
f 991/1716/488 993/1718/488 1016/1719/488 1015/1717/488
f 993/1718/488 995/1720/488 1017/1721/488 1016/1719/488
f 995/1720/488 997/1722/488 1018/1723/488 1017/1721/488
f 997/1722/488 999/1724/488 1019/1725/488 1018/1723/488
f 999/1724/488 1001/1726/488 1020/1727/488 1019/1725/488
f 1001/1726/488 1003/1728/488 1021/1729/488 1020/1727/488
f 1003/1728/488 969/1694/488 1005/1697/488 1021/1729/488
f 1022/1730/488 1023/1731/488 1039/1732/488 1038/1733/488 1037/1734/488 1036/1735/488 1035/1736/488 1034/1737/488 1033/1738/488 1032/1739/488 1031/1740/488 1030/1741/488 1029/1742/488 1028/1743/488 1027/1744/488 1026/1745/488 1025/1746/488 1024/1747/488
f 977/1748/588 975/1749/588 1025/1750/588 1026/1751/588
f 993/1752/595 991/1670/595 1033/1673/595 1034/1753/595
f 979/1754/491 977/1748/491 1026/1751/491 1027/1755/491
f 995/1756/596 993/1752/596 1034/1753/596 1035/1757/596
f 981/1758/589 979/1759/589 1027/1760/589 1028/1761/589
f 997/1762/494 995/1763/494 1035/1764/494 1036/1765/494
f 983/1766/590 981/1758/590 1028/1761/590 1029/1767/590
f 999/1768/597 997/1762/597 1036/1765/597 1037/1769/597
f 985/1770/591 983/1766/591 1029/1767/591 1030/1771/591
f 971/1772/585 969/1773/585 1023/1774/585 1022/1775/585
f 1001/1776/598 999/1768/598 1037/1769/598 1038/1777/598
f 987/1778/592 985/1770/592 1030/1771/592 1031/1779/592
f 973/1780/586 971/1772/586 1022/1775/586 1024/1781/586
f 1003/1782/599 1001/1776/599 1038/1777/599 1039/1783/599
f 989/1671/593 987/1778/593 1031/1779/593 1032/1672/593
f 975/1749/587 973/1780/587 1024/1781/587 1025/1750/587
f 969/1773/600 1003/1782/600 1039/1783/600 1023/1774/600
f 1040/1784/601 1077/1785/601 1076/1786/601 1042/1787/601
f 1042/1787/602 1076/1786/602 1078/1788/602 1044/1789/602
f 1044/1789/603 1078/1788/603 1079/1790/603 1046/1791/603
f 1046/1791/604 1079/1790/604 1080/1792/604 1048/1793/604
f 1048/1794/491 1080/1795/491 1081/1796/491 1050/1797/491
f 1050/1797/605 1081/1796/605 1082/1798/605 1052/1799/605
f 1052/1799/606 1082/1798/606 1083/1800/606 1054/1801/606
f 1054/1801/607 1083/1800/607 1084/1802/607 1056/1803/607
f 1056/1803/608 1084/1802/608 1085/1804/608 1058/1805/608
f 1058/1805/609 1085/1804/609 1086/1806/609 1060/1807/609
f 1060/1807/610 1086/1806/610 1087/1808/610 1062/1809/610
f 1062/1809/611 1087/1808/611 1088/1810/611 1064/1811/611
f 1064/1811/612 1088/1810/612 1089/1812/612 1066/1813/612
f 1066/1813/494 1089/1812/494 1090/1814/494 1068/1815/494
f 1068/1816/613 1090/1817/613 1091/1818/613 1070/1819/613
f 1070/1819/614 1091/1818/614 1092/1820/614 1072/1821/614
f 1063/1822/610 1061/1823/610 1104/1824/610 1105/1825/610
f 1072/1821/615 1092/1820/615 1093/1826/615 1074/1827/615
f 1074/1827/616 1093/1826/616 1077/1785/616 1040/1784/616
f 1041/1828/617 1043/1829/617 1076/1830/617 1077/1831/617
f 1043/1829/617 1045/1832/617 1078/1833/617 1076/1830/617
f 1045/1832/617 1047/1834/617 1079/1835/617 1078/1833/617
f 1047/1834/617 1049/1836/617 1080/1837/617 1079/1835/617
f 1049/1836/617 1051/1838/617 1081/1839/617 1080/1837/617
f 1051/1838/617 1053/1840/617 1082/1841/617 1081/1839/617
f 1053/1840/617 1055/1842/617 1083/1843/617 1082/1841/617
f 1055/1842/617 1057/1844/617 1084/1845/617 1083/1843/617
f 1057/1844/617 1059/1846/617 1085/1847/617 1084/1845/617
f 1059/1846/617 1061/1848/617 1086/1849/617 1085/1847/617
f 1061/1848/617 1063/1850/617 1087/1851/617 1086/1849/617
f 1063/1850/617 1065/1852/617 1088/1853/617 1087/1851/617
f 1065/1852/617 1067/1854/617 1089/1855/617 1088/1853/617
f 1067/1854/617 1069/1856/617 1090/1857/617 1089/1855/617
f 1069/1856/617 1071/1858/617 1091/1859/617 1090/1857/617
f 1071/1858/617 1073/1860/617 1092/1861/617 1091/1859/617
f 1073/1860/617 1075/1862/617 1093/1863/617 1092/1861/617
f 1075/1862/617 1041/1828/617 1077/1831/617 1093/1863/617
f 1094/1864/617 1095/1865/617 1111/1866/617 1110/1867/617 1109/1868/617 1108/1869/617 1107/1870/617 1106/1871/617 1105/1872/617 1104/1873/617 1103/1874/617 1102/1875/617 1101/1876/617 1100/1877/617 1099/1878/617 1098/1879/617 1097/1880/617 1096/1881/617
f 1049/1882/604 1047/1883/604 1097/1884/604 1098/1885/604
f 1065/1886/611 1063/1822/611 1105/1825/611 1106/1887/611
f 1051/1888/491 1049/1889/491 1098/1890/491 1099/1891/491
f 1067/1892/612 1065/1886/612 1106/1887/612 1107/1893/612
f 1053/1894/605 1051/1888/605 1099/1891/605 1100/1895/605
f 1069/1896/494 1067/1892/494 1107/1893/494 1108/1897/494
f 1055/1898/606 1053/1894/606 1100/1895/606 1101/1899/606
f 1071/1900/613 1069/1901/613 1108/1902/613 1109/1903/613
f 1057/1904/607 1055/1898/607 1101/1899/607 1102/1905/607
f 1043/1906/601 1041/1907/601 1095/1908/601 1094/1909/601
f 1073/1910/614 1071/1900/614 1109/1903/614 1110/1911/614
f 1059/1912/618 1057/1904/618 1102/1905/618 1103/1913/618
f 1045/1914/602 1043/1906/602 1094/1909/602 1096/1915/602
f 1075/1916/615 1073/1910/615 1110/1911/615 1111/1917/615
f 1061/1823/609 1059/1912/609 1103/1913/609 1104/1824/609
f 1047/1883/603 1045/1914/603 1096/1915/603 1097/1884/603
f 1041/1907/616 1075/1916/616 1111/1917/616 1095/1908/616
f 1128/1918/494 1113/1919/494 1115/1920/494 1129/1921/494
f 1135/1922/492 1124/1923/492 1119/1924/492 1130/1925/492
f 1130/1926/491 1119/1927/491 1117/1928/491 1131/1929/491
f 1132/1930/482 1123/1931/482 1113/1932/482 1128/1933/482
f 1134/1934/482 1127/1935/482 1123/1931/482 1132/1930/482
f 1129/1936/492 1115/1937/492 1121/1938/492 1133/1939/492
f 1131/1940/482 1117/1941/482 1127/1935/482 1134/1934/482
f 1120/1942/491 1133/1943/491 1132/1944/491 1122/1945/491
f 1133/1939/492 1121/1938/492 1124/1923/492 1135/1922/492
f 1135/1946/619 1134/1947/619 1132/1944/619 1133/1943/619
f 1116/1948/482 1131/1940/482 1134/1934/482 1125/1949/482
f 1114/1950/492 1129/1936/492 1133/1939/492 1120/1951/492
f 1122/1952/482 1132/1930/482 1128/1933/482 1112/1953/482
f 1118/1954/491 1130/1926/491 1131/1929/491 1116/1955/491
f 1126/1956/492 1135/1922/492 1130/1925/492 1118/1957/492
f 1112/1958/494 1128/1918/494 1129/1921/494 1114/1959/494
f 1134/1960/494 1135/1961/494 1126/1962/494 1125/1963/494
f 1136/1964/494 1137/1965/494 1139/1966/494 1138/1967/494
f 1138/1968/620 1139/1969/620 1143/1970/620 1142/1971/620
f 1142/1972/491 1143/1973/491 1141/1974/491 1140/1975/491
f 1138/1967/479 1142/1972/479 1140/1975/479 1136/1964/479
f 1143/1973/488 1139/1966/488 1137/1965/488 1141/1974/488
f 1152/1976/479 1153/1977/479 1156/1978/479 1157/1979/479
f 1154/1980/621 1158/1981/621 1159/1982/621 1155/1983/621
f 1114/1950/622 1120/1951/622 1148/1984/622 1145/1985/622
f 1125/1963/494 1126/1962/494 1151/1986/494 1150/1987/494
f 1112/1958/494 1114/1959/494 1145/1988/494 1144/1989/494
f 1118/1954/491 1116/1955/491 1146/1990/491 1147/1991/491
f 1120/1942/491 1122/1945/491 1149/1992/491 1148/1993/491
f 1122/1952/623 1112/1953/623 1144/1994/623 1149/1995/623
f 1126/1956/622 1118/1957/622 1147/1996/622 1151/1997/622
f 1116/1948/623 1125/1949/623 1150/1998/623 1146/1999/623
f 1149/1995/617 1144/1994/617 1152/2000/617 1157/2001/617
f 1147/1991/491 1146/1990/491 1154/1980/491 1155/1983/491
f 1144/1989/624 1145/1988/624 1153/2002/624 1152/2003/624
f 1159/2004/479 1158/2005/479 1157/1979/479 1156/1978/479
f 1151/1997/620 1159/2006/620 1156/2007/620 1148/1984/620
f 1146/1999/617 1150/1998/617 1158/2008/617 1154/2009/617
f 1145/1985/620 1148/1984/620 1156/2007/620 1153/2010/620
f 1151/1997/620 1147/1996/620 1155/2011/620 1159/2006/620
f 1158/2008/617 1150/1998/617 1149/1995/617 1157/2001/617
f 1150/2012/488 1151/2013/488 1148/2014/488 1149/2015/488
f 1183/2016/625 1161/2017/625 1163/2018/625 1184/2019/625
f 1184/2019/626 1163/2018/626 1195/2020/626 1196/2021/626
f 1178/2022/627 1192/2023/627 1197/2024/627 1167/2025/627
f 1192/2026/494 1191/2027/494 1197/2028/494
f 1175/2029/491 1178/2030/491 1167/2031/491
f 1192/2023/628 1178/2022/628 1180/2032/628 1193/2033/628
f 1163/2034/491 1161/2035/491 1182/2036/491 1180/2037/491 1178/2030/491 1175/2029/491 1173/2038/491 1171/2039/491 1169/2040/491 1165/2041/491
f 1193/2033/629 1180/2032/629 1182/2042/629 1194/2043/629
f 1194/2043/630 1182/2042/630 1161/2017/630 1183/2016/630
f 1164/2044/631 1166/2045/631 1213/2046/631 1212/2047/631
f 1209/2048/630 1194/2049/630 1183/2050/630 1198/2051/630
f 1208/2052/629 1193/2053/629 1194/2049/629 1209/2048/629
f 1207/2054/628 1192/2055/628 1193/2053/628 1208/2052/628
f 1206/2056/632 1191/2057/632 1192/2058/632 1207/2059/632
f 1205/2060/633 1190/2061/633 1191/2057/633 1206/2056/633
f 1204/2062/634 1189/2063/634 1190/2061/634 1205/2060/634
f 1203/2064/635 1188/2065/635 1189/2063/635 1204/2062/635
f 1202/2066/636 1187/2067/636 1188/2065/636 1203/2064/636
f 1201/2068/637 1186/2069/637 1187/2067/637 1202/2066/637
f 1200/2070/631 1185/2071/631 1186/2072/631 1201/2073/631
f 1199/2074/638 1184/2075/638 1185/2071/638 1200/2070/638
f 1198/2051/625 1183/2050/625 1184/2075/625 1199/2074/625
f 1186/2076/494 1185/2077/494 1196/2078/494
f 1163/2034/491 1165/2041/491 1195/2079/491
f 1185/2077/494 1184/2080/494 1196/2078/494
f 1191/2027/494 1190/2081/494 1197/2028/494
f 1162/2082/494 1160/2083/494 1198/2084/494 1199/2085/494
f 1164/2086/494 1162/2082/494 1199/2085/494 1200/2087/494
f 1166/2088/494 1164/2086/494 1200/2087/494 1201/2089/494
f 1168/2090/494 1166/2088/494 1201/2089/494 1202/2091/494
f 1170/2092/494 1168/2090/494 1202/2091/494 1203/2093/494
f 1172/2094/494 1170/2092/494 1203/2093/494 1204/2095/494
f 1174/2096/494 1172/2094/494 1204/2095/494 1205/2097/494
f 1176/2098/494 1174/2096/494 1205/2097/494 1206/2099/494
f 1177/2100/494 1176/2098/494 1206/2099/494 1207/2101/494
f 1179/2102/494 1177/2100/494 1207/2101/494 1208/2103/494
f 1181/2104/494 1179/2102/494 1208/2103/494 1209/2105/494
f 1160/2083/494 1181/2104/494 1209/2105/494 1198/2084/494
f 1210/2106/494 1211/2107/494 1212/2108/494 1213/2109/494 1214/2110/494 1215/2111/494 1216/2112/494 1217/2113/494 1218/2114/494 1219/2115/494 1220/2116/494 1221/2117/494
f 1177/2118/628 1179/2119/628 1220/2120/628 1219/2121/628
f 1172/2122/634 1174/2123/634 1217/2124/634 1216/2125/634
f 1166/2126/637 1168/2127/637 1214/2128/637 1213/2129/637
f 1179/2130/629 1181/2131/629 1221/2132/629 1220/2133/629
f 1160/2134/625 1162/2135/625 1211/2136/625 1210/2137/625
f 1174/2123/633 1176/2138/633 1218/2139/633 1217/2124/633
f 1168/2127/636 1170/2140/636 1215/2141/636 1214/2128/636
f 1181/2131/630 1160/2134/630 1210/2137/630 1221/2132/630
f 1162/2135/638 1164/2044/638 1212/2047/638 1211/2136/638
f 1176/2142/632 1177/2143/632 1219/2144/632 1218/2145/632
f 1170/2140/635 1172/2122/635 1216/2125/635 1215/2141/635
o DragunovMagazine_Cube.002
v -0.594902 0.305409 -0.035599
v -0.594902 0.305409 0.035599
v -0.868565 0.279864 -0.035599
v -0.868565 0.279864 0.035599
v -0.589246 0.218993 -0.035599
v -0.589246 0.218993 0.035599
v -0.859494 0.168893 -0.035599
v -0.859494 0.168893 0.035599
v -0.576964 0.150434 -0.035599
v -0.576964 0.150434 0.035599
v -0.842466 0.079350 -0.035599
v -0.842466 0.079350 0.035599
v -0.857078 0.414759 -0.035599
v -0.857078 0.414759 0.035599
v -0.582301 0.414759 0.035599
v -0.582301 0.414759 -0.035599
vt 0.976916 0.771657
vt 0.976916 0.808316
vt 0.924274 0.808316
vt 0.924274 0.771657
vt 0.978339 0.942070
vt 0.832722 0.932168
vt 0.836350 0.877185
vt 0.980416 0.899268
vt 0.977320 0.772200
vt 0.977320 0.807601
vt 0.922589 0.807601
vt 0.922589 0.772200
vt 0.986204 0.996036
vt 0.840270 0.998780
vt 0.840341 0.998780
vt 0.986276 0.996036
vt 0.978411 0.942071
vt 0.832794 0.932168
vt 0.836422 0.877185
vt 0.980488 0.899268
vt 0.986276 0.865232
vt 0.844505 0.832721
vt 0.880980 0.808316
vt 0.880980 0.771657
vt 0.879530 0.807601
vt 0.879530 0.772200
vt 0.831670 0.808667
vt 0.831670 0.766433
vt 0.988154 0.766433
vt 0.988154 0.808667
vt 0.844899 0.807601
vt 0.844899 0.772200
vt 0.844433 0.832721
vt 0.986204 0.865232
vt 0.845538 0.808316
vt 0.845538 0.771657
vn -0.9964 0.0848 0.0000
vn -0.0000 0.0000 1.0000
vn 0.9934 -0.1145 0.0000
vn 0.0000 0.0000 -1.0000
vn -0.9967 -0.0815 0.0000
vn 0.9979 0.0653 0.0000
vn 0.2586 -0.9660 0.0000
vn 0.9843 0.1763 0.0000
vn -0.9824 -0.1868 0.0000
usemtl Material
s off
f 1235/2146/639 1234/2147/639 1224/2148/639 1225/2149/639
f 1223/2150/640 1225/2151/640 1229/2152/640 1227/2153/640
f 1237/2154/641 1236/2155/641 1223/2156/641 1222/2157/641
f 1236/2158/640 1235/2159/640 1225/2151/640 1223/2150/640
f 1234/2160/642 1237/2161/642 1222/2162/642 1224/2163/642
f 1228/2164/642 1226/2165/642 1230/2166/642 1232/2167/642
f 1225/2149/643 1224/2148/643 1228/2168/643 1229/2169/643
f 1224/2163/642 1222/2162/642 1226/2165/642 1228/2164/642
f 1222/2157/644 1223/2156/644 1227/2170/644 1226/2171/644
f 1230/2172/645 1231/2173/645 1233/2174/645 1232/2175/645
f 1226/2171/646 1227/2170/646 1231/2176/646 1230/2177/646
f 1227/2153/640 1229/2152/640 1233/2178/640 1231/2179/640
f 1229/2169/647 1228/2168/647 1232/2180/647 1233/2181/647
